study_id,has_data_badge,has_data_badge_other,data_availability_statement,data_availability_statement_other,article_has_links,article_has_links_other,link_url_cleaned
a000001,yes,NA,yes,NA,yes,NA,osf.io/d2jwb
a000003,yes,NA,yes,NA,yes,NA,osf.io/myqn9
a000004,yes,NA,yes,NA,yes,NA,osf.io/4sqn3
a000005,yes,NA,yes,NA,yes,NA,osf.io/h7av3/?view_only=64a45a1b7def4d95b1231e35df6a2c78
a000007,yes,NA,yes,NA,yes,NA,osf.io/wds5y
a000009,yes,NA,yes,NA,yes,NA,osf.io/x3ypv
a000010,yes,NA,yes,NA,yes,NA,osf.io/6yhmp
a000011,yes,NA,yes,NA,yes,NA,osf.io/x8rnq
a000011,yes,NA,yes,NA,yes,NA,www.ukbiobank.ac.uk
a000012,yes,NA,yes,NA,yes,NA,osf.io/njea2
a000013,yes,NA,yes,NA,yes,NA,thedata.harvard.edu/dvn/dv/lzav/faces/study/StudyPage.xhtml?globalId=doi:10.7910/DVN/27740&studyListingIndex=3_81dd3734f5b119094c28f53886bc
a000015,yes,NA,yes,NA,yes,NA,osf.io/f3dh6
a000016,yes,NA,yes,NA,yes,NA,osf.io/cp76s
a000017,yes,NA,yes,NA,yes,NA,osf.io/yw9us
a000018,yes,NA,yes,NA,yes,NA,dataverse.harvard.edu/dataset.xhtml?persistentId=doi:10.7910/DVN/JLWQY9
a000019,yes,NA,yes,NA,yes,NA,doi.org/10.17605/OSF.IO/YVE8F
a000020,yes,NA,yes,NA,yes,NA,reshare.ukdataservice.ac.uk/852658
a000022,yes,NA,yes,NA,yes,NA,osf.io/cwqsu/?view_only=Noneandhttps://osf.io/cwqsu/?view_only=None
a000023,yes,NA,yes,NA,yes,NA,osf.io/jbq9v
a000024,yes,NA,yes,NA,yes,NA,osf.io/jrmk4
a000024,yes,NA,yes,NA,yes,NA,osf.io/z68ku
a000025,yes,NA,yes,NA,yes,NA,osf.io/kz53g
a000029,yes,NA,yes,NA,yes,NA,osf.io/k67ba
a000030,yes,NA,yes,NA,yes,NA,dx.doi.org/10.7910/DVN/ZSYWHO
a000031,yes,NA,yes,NA,yes,NA,doi.org/10.25540/3wd8-dffw
a000031,yes,NA,yes,NA,yes,NA,five.dartmouth.edu/datasets
a000032,yes,NA,yes,NA,yes,NA,doi.org/10.6096/MISTRALS-HyMeX.1406
a000033,yes,NA,yes,NA,yes,NA,osf.io/h67mx
a000035,yes,NA,yes,NA,yes,NA,osf.io/9tu5r
a000036,yes,NA,yes,NA,yes,NA,osf.io/g9yrc
a000037,yes,NA,yes,NA,yes,NA,hdl.handle.net/11633/aabxbkd7
a000038,yes,NA,yes,NA,yes,NA,osf.io/6ayhs
a000039,yes,NA,yes,NA,yes,NA,doi.org/10.7910/DVN/7EWDRF
a000040,yes,NA,yes,NA,yes,NA,osf.io/fkmbh
a000041,yes,NA,yes,NA,yes,NA,doi.org/10.17605/OSF.IO/GDTPM
a000042,yes,NA,yes,NA,yes,NA,osf.io/a8sv7/?view_only=cf0e445e30354e22bb53b82242fd94d8
a000043,yes,NA,yes,NA,yes,NA,osf.io/tmdvn
a000044,yes,NA,yes,NA,yes,NA,osf.io/2pgtj
a000045,yes,NA,yes,NA,yes,NA,osf.io/u2xct
a000046,yes,NA,yes,NA,yes,NA,osf.io/dkqfn
a000047,yes,NA,yes,NA,yes,NA,osf.io/g3rnt
a000048,yes,NA,yes,NA,yes,NA,osf.io/cpmfk
a000049,yes,NA,yes,NA,yes,NA,dx.doi.org/10.7910/DVN/DTFR60
a000050,yes,NA,yes,NA,yes,NA,osf.io/2wjgn
a000051,yes,NA,yes,NA,yes,NA,ckan-rdm.up.pt/dataset/i3s-2019-001
a000054,yes,NA,yes,NA,yes,NA,osf.io/hgcet
a000056,yes,NA,yes,NA,yes,NA,osf.io/2b9hn
a000057,yes,NA,yes,NA,yes,NA,osf.io/pqf9r
a000061,yes,NA,yes,NA,yes,NA,osf.io/w2xsr
a000062,yes,NA,yes,NA,yes,NA,thedata.harvard.edu/dvn/dv/PainData
a000064,yes,NA,yes,NA,yes,NA,osf.io/jpxat/quickfiles
a000066,yes,NA,yes,NA,yes,NA,osf.io/dtgaa
a000067,yes,NA,yes,NA,yes,NA,osf.io/nm8vf
a000071,yes,NA,yes,NA,yes,NA,osf.io/856cs
a000071,yes,NA,yes,NA,yes,NA,re3data.org
a000072,yes,NA,yes,NA,yes,NA,osf.io/56yz7
a000073,yes,NA,yes,NA,yes,NA,osf.io/6zdnh
a000074,yes,NA,yes,NA,yes,NA,osf.io/t9c52
a000075,yes,NA,yes,NA,yes,NA,osf.io/p8f7w
a000077,yes,NA,yes,NA,yes,NA,bit.ly/2mLcXyu
a000080,yes,NA,yes,NA,yes,NA,osf.io/4x8tn
a000081,yes,NA,yes,NA,yes,NA,osf.io/cdev3
a000081,yes,NA,yes,NA,yes,NA,osf.io/q9jy3
a000081,yes,NA,yes,NA,yes,NA,osf.io/uj2dr
a000081,yes,NA,yes,NA,yes,NA,osf.io/x7pgq
a000082,yes,NA,no,NA,yes,NA,osf.io/anc5m
a000083,yes,NA,yes,NA,yes,NA,osf.io/rmjtg
a000084,yes,NA,yes,NA,yes,NA,osf.io/54yzr
a000085,yes,NA,yes,NA,yes,NA,osf.io/zudxp
a000088,yes,NA,yes,NA,yes,NA,osf.io/6u4wh
a000089,yes,NA,yes,NA,yes,NA,osf.io/3htpj
a000090,yes,NA,yes,NA,yes,NA,osf.io/e9mhc
a000093,yes,NA,yes,NA,yes,NA,osf.io/uyadw
a000096,yes,NA,yes,NA,yes,NA,osf.io/9246v
a000097,yes,NA,yes,NA,yes,NA,osf.io/tqzkd
a000098,yes,NA,yes,NA,yes,NA,osf.io/nft5c
a000099,yes,NA,yes,NA,yes,NA,osf.io/4dau5
a000100,yes,NA,yes,NA,yes,NA,doi.org/10.17605/OSF.IO/Z6SDM
a000101,yes,NA,yes,NA,yes,NA,osf.io/etrcd
a000103,yes,NA,yes,NA,yes,NA,doi.org/10.7910/DVN/VEPHLS
a000104,yes,NA,yes,NA,yes,NA,thedata.harvard.edu/dvn/dv/kenswan
a000105,yes,NA,yes,NA,yes,NA,osf.io/4zwsd
a000106,yes,NA,yes,NA,yes,NA,doi.org/10.7910/DVN/CQXHTH
a000107,yes,NA,yes,NA,yes,NA,osf.io/4bsw8
a000108,yes,NA,yes,NA,yes,NA,doi.org/10.5061/dryad.cn20jv8
a000109,yes,NA,yes,NA,yes,NA,osf.io/2ckz9
a000110,yes,NA,yes,NA,yes,NA,osf.io/4d2ve
a000112,yes,NA,no,NA,yes,NA,osf.io/wcuhx
a000115,yes,NA,yes,NA,yes,NA,osf.io/m35b8
a000116,yes,NA,yes,NA,yes,NA,osf.io/gzytb
a000117,yes,NA,yes,NA,yes,NA,archaeologydataservice.ac.uk/archives/view/greylit
a000118,yes,NA,yes,NA,yes,NA,osf.io/b5sar
a000119,yes,NA,yes,NA,yes,NA,osf.io/3ymbu
a000121,yes,NA,yes,NA,yes,NA,osf.io/cgydx
a000122,yes,NA,yes,NA,yes,NA,osf.io/j5zyf
a000123,yes,NA,yes,NA,yes,NA,osf.io/x6wcb
a000127,yes,NA,yes,NA,yes,NA,osf.io/ezqft
a000128,yes,NA,yes,NA,yes,NA,osf.io/dbuh4
a000130,yes,NA,yes,NA,yes,NA,osf.io/pr39h
a000131,yes,NA,yes,NA,yes,NA,dataverse.harvard.edu/dataset.xhtml?persistentId=doi:10.7910/DVN/26910
a000131,yes,NA,yes,NA,yes,NA,osf.io/p97fk
a000132,yes,NA,yes,NA,yes,NA,osf.io/z6ryh
a000132,yes,NA,yes,NA,yes,NA,www.pairfam.de/en/data/data-access
a000133,yes,NA,yes,NA,yes,NA,osf.io/453ds
a000134,yes,NA,yes,NA,yes,NA,osf.io/b8zft
a000136,yes,NA,yes,NA,yes,NA,osf.io/9d6t4
a000138,yes,NA,yes,NA,yes,NA,doi.org/10.21985/N2VR0V
a000139,yes,NA,yes,NA,yes,NA,osf.io/vsnj3
a000140,yes,NA,yes,NA,yes,NA,osf.io/4fpkn
a000141,yes,NA,yes,NA,yes,NA,osf.io/7tssz
a000142,yes,NA,yes,NA,yes,NA,doi.org/10.7910/DVN/WD3IUA
a000143,yes,NA,yes,NA,yes,NA,osf.io/8cq5f
a000144,yes,NA,yes,NA,yes,NA,doi.org/10.7910/DVN/EZSJ1S
a000145,yes,NA,yes,NA,yes,NA,osf.io/cwq75
a000146,yes,NA,yes,NA,other,"original article has link to original repo, but there is another repo associated with the corrigendum for the article, which is only accessible from the non-registered version of the original OSF project",osf.io/8x6dw
a000146,yes,NA,yes,NA,other,"original article has link to original repo, but there is another repo associated with the corrigendum for the article, which is only accessible from the non-registered version of the original OSF project",osf.io/j8wdv
a000147,yes,NA,yes,NA,yes,NA,osf.io/cwenz
a000148,yes,NA,yes,NA,yes,NA,osf.io/9ncmb/?view_only=bd72d104795542d0b761f664cb8adda6
a000148,yes,NA,yes,NA,yes,NA,osf.io/hqyzp/?view_only=d3a4b3858088415094e169f65b7d76d7
a000149,yes,NA,yes,NA,yes,NA,dx.doi.org/10.7910/DVN/7TA47E
a000151,yes,NA,yes,NA,yes,NA,osf.io/ugdcz
a000152,yes,NA,yes,NA,yes,NA,dx.doi.org//10.17632/948rskffhd.2
a000153,yes,NA,yes,NA,yes,NA,osf.io/du9ws
a000154,yes,NA,yes,NA,yes,NA,osf.io/usdq8
a000156,yes,NA,yes,NA,yes,NA,osf.io/3csng
a000157,yes,NA,yes,NA,yes,NA,doi.org/10.7910/DVN/EWRXPU
a000158,yes,NA,yes,NA,yes,NA,doi.org/10.17632/yrpjzfmzpz.3
a000159,yes,NA,yes,NA,yes,NA,osf.io/t6gwf
a000160,yes,NA,yes,NA,yes,NA,childes.talkbank.org
a000160,yes,NA,yes,NA,yes,NA,github.com/smeylan/determiner_learning
a000162,yes,NA,yes,NA,yes,NA,doi.pangaea.de/10.1594/PANGAEA.896587
a000163,yes,NA,yes,NA,yes,NA,osf.io/d8wvt
a000164,yes,NA,yes,NA,yes,NA,osf.io/28gxz
a000165,yes,NA,yes,NA,yes,NA,osf.io/uwzsb
a000167,yes,NA,yes,NA,yes,NA,osf.io/b45vq
a000168,yes,NA,yes,NA,yes,NA,doi.org/10.3886/ICPSR21600.v17
a000169,yes,NA,yes,NA,yes,NA,osf.io/4cg2s
a000170,yes,NA,yes,NA,yes,NA,osf.io/23gc4
a000171,yes,NA,yes,NA,yes,NA,doi.org/10.6092/SNAP.10b2260a0617627002d437ea6a3df022
a000171,yes,NA,yes,NA,yes,NA,doi.org/10.6092/SNAP.4a66da6e800423b1a51babcd917805c1
a000171,yes,NA,yes,NA,yes,NA,doi.org/10.6092/SNAP.580bf950a46873e44295a7e29d66f077
a000171,yes,NA,yes,NA,yes,NA,doi.org/10.6092/SNAP.6bbca96b0a7b0a5c3b0be4b4312f837c
a000171,yes,NA,yes,NA,yes,NA,doi.org/10.6092/SNAP.93d8a7ad5841c7380c9656779ae3425d
a000171,yes,NA,yes,NA,yes,NA,doi.org/10.6092/SNAP.b2f9e5768dcc2aa0922f24967920d9ab
a000171,yes,NA,yes,NA,yes,NA,doi.org/10.6092/SNAP.cbbba251c17b55c737836768c8737589
a000171,yes,NA,yes,NA,yes,NA,doi.org/10.6092/SNAP.f56b827cffb9f0e99603c6ef4074de73
a000174,yes,NA,yes,NA,yes,NA,osf.io/msphv
a000174,yes,NA,yes,NA,yes,NA,osf.io/yegrv
a000175,yes,NA,yes,NA,yes,NA,doi.org/10.7910/DVN/BPON3K
a000176,yes,NA,yes,NA,yes,NA,osf.io/5ybhd
a000177,yes,NA,yes,NA,yes,NA,osf.io/r3eca
a000178,yes,NA,yes,NA,yes,NA,osf.io/ydpbf
a000180,yes,NA,yes,NA,yes,NA,osf.io/6krj7
a000181,yes,NA,yes,NA,yes,NA,osf.io/jkbm9
a000182,yes,NA,yes,NA,yes,NA,osf.io/emk5j
a000183,yes,NA,no,NA,yes,NA,osf.io/h6ckw/?view_only=ca786be8956247acae8ce79343a409a0
a000185,yes,NA,yes,NA,yes,NA,osf.io/38apk/?view_only=66833d11e36f4af8a17e56d45ac5e379
a000186,yes,NA,yes,NA,yes,NA,osf.io/92ahy
a000187,yes,NA,yes,NA,yes,NA,doi.org/10.17605/OSF.IO/C4WN8
a000188,yes,NA,yes,NA,yes,NA,osf.io/zg427
a000189,yes,NA,yes,NA,yes,NA,osf.io/xv645
a000191,yes,NA,yes,NA,yes,NA,osf.io/3mftr
a000192,yes,NA,yes,NA,yes,NA,osf.io/B2478
a000192,yes,NA,yes,NA,yes,NA,osf.io/G4C7Z
a000193,yes,NA,yes,NA,yes,NA,osf.io/seqgd
a000194,yes,NA,yes,NA,yes,NA,osf.io/6wxgf
a000195,yes,NA,yes,NA,yes,NA,osf.io/Z5TE6
a000196,yes,NA,yes,NA,yes,NA,osf.io/9v34x
a000197,yes,NA,yes,NA,yes,NA,osf.io/946vb
a000199,yes,NA,yes,NA,yes,NA,osf.io/p2z8a
a000202,yes,NA,yes,NA,yes,NA,osf.io/dv7ab
a000203,yes,NA,yes,NA,yes,NA,osf.io/c5kme
a000205,yes,NA,yes,NA,yes,NA,osf.io/g6tnd
a000206,yes,NA,yes,NA,yes,NA,osf.io/afdkq
a000207,yes,NA,yes,NA,yes,NA,osf.io/bx8zv
a000208,yes,NA,yes,NA,yes,NA,osf.io/3c4ue
a000210,yes,NA,yes,NA,yes,NA,doi.pangaea.de/10.1594/PANGAEA.885886
a000211,yes,NA,yes,NA,yes,NA,osf.io/8gyns
a000212,yes,NA,yes,NA,yes,NA,osf.io/cu8jv
a000213,yes,NA,yes,NA,yes,NA,osf.io/aj98f
a000214,yes,NA,yes,NA,yes,NA,osf.io/8aw9r
a000215,yes,NA,yes,NA,yes,NA,osf.io/kfdca
a000216,yes,NA,no,NA,yes,NA,osf.io/9nq3c
a000217,yes,NA,yes,NA,yes,NA,osf.io/wk3ve
a000219,yes,NA,yes,NA,yes,NA,dx.doi.org/10.1016/j.jesp.2017.07.005
a000221,yes,NA,yes,NA,yes,NA,osf.io/syjhd
a000223,yes,NA,yes,NA,yes,NA,osf.io/ybu6r
a000227,yes,NA,yes,NA,yes,NA,doi.org/10.23684/odi-2017-00957
a000227,yes,NA,yes,NA,yes,NA,doi.org/10.23684/odi-2017-00958
a000227,yes,NA,yes,NA,yes,NA,doi.org/10.23684/odi-2017-00959
a000228,yes,NA,yes,NA,yes,NA,osf.io/7wfxj
a000228,yes,NA,yes,NA,yes,NA,osf.io/8juyc
a000229,yes,NA,yes,NA,yes,NA,osf.io/7c9bw
a000230,yes,NA,yes,NA,yes,NA,osf.io/gq7z2
a000231,yes,NA,yes,NA,yes,NA,doi.org/10.7910/DVN/9SF3TI
a000232,yes,NA,yes,NA,yes,NA,osf.io/bfefu
a000232,yes,NA,yes,NA,yes,NA,osf.io/rfc6r
a000233,yes,NA,no,NA,no,NA,NA
a000235,yes,NA,yes,NA,yes,NA,osf.io/8rbvz
a000236,yes,NA,yes,NA,yes,NA,osf.io/q9kd3
a000238,yes,NA,yes,NA,yes,NA,doi.org/10.7910/DVN/7190MT
a000239,yes,NA,yes,NA,yes,NA,doi.org/10.7910/DVN/I4KVD1
a000240,yes,NA,yes,NA,yes,NA,doi.org/10.7910/DVN/YJUIBI
a000242,yes,NA,yes,NA,yes,NA,osf.io/adrwv
a000243,yes,NA,yes,NA,yes,NA,datadryad.org//resource/doi:10.5061/dryad.q88sm
a000244,yes,NA,yes,NA,yes,NA,dataverse.harvard.edu/dataset.xhtml?persistentId=doi:10.7910/DVN/Z5RSKK
a000245,yes,NA,yes,NA,yes,NA,osf.io/29ytr/files/?view_only=d544d23261024c1099d7348de61ee990
a000247,yes,NA,yes,NA,yes,NA,osf.io/47tnc
a000247,yes,NA,yes,NA,yes,NA,osf.io/gvm2z
a000250,yes,NA,yes,NA,yes,NA,dx.doi.org/10.7910/DVN/TZRNKD
a000251,yes,NA,yes,NA,yes,NA,osf.io/k5b7a
a000253,yes,NA,yes,NA,yes,NA,osf.io/ev3w5
a000253,yes,NA,yes,NA,yes,NA,osf.io/ewr45
a000256,yes,NA,yes,NA,yes,NA,osf.io/39vsg
a000257,yes,NA,yes,NA,yes,NA,osf.io/f23tn/?view_only=eb1aad8f01004d02934d872717bf9db1
a000258,yes,NA,yes,NA,yes,NA,osf.io/9q23j
a000259,yes,NA,yes,NA,yes,NA,doi.org/10.7910/DVN/SZ9YXZ
a000260,yes,NA,yes,NA,yes,NA,fcon_1000.projects.nitrc.org/indi/enhanced/access.html
a000264,yes,NA,yes,NA,yes,NA,osf.io/kszge
a000266,yes,NA,yes,NA,yes,NA,osf.io/ycren
a000267,yes,NA,yes,NA,yes,NA,doi:10.7910/DVN/W2HZSO
a000269,yes,NA,yes,NA,yes,NA,doi.org/10.24414/j0dx-9n36
a000270,yes,NA,yes,NA,yes,NA,dx.doi.org/10.5284/1031492
a000272,yes,NA,yes,NA,yes,NA,osf.io/p6jfq
a000272,yes,NA,yes,NA,yes,NA,osf.io/vhme2
a000273,yes,NA,yes,NA,yes,NA,osf.io/37u8s
a000273,yes,NA,yes,NA,yes,NA,osf.io/tqmeh
a000275,yes,NA,yes,NA,yes,NA,dx.doi.org/10.7910/DVN/Q8CSU8
a000276,yes,NA,yes,NA,yes,NA,osf.io/x25ea
a000279,yes,NA,yes,NA,yes,NA,osf.io/kszj7
a000280,yes,NA,yes,NA,yes,NA,www.icpsr.umich.edu/icpsrweb/ICPSR/series/203
a000281,yes,NA,yes,NA,yes,NA,osf.io/rf28u
a000282,yes,NA,yes,NA,yes,NA,osf.io/szvxd
a000284,yes,NA,yes,NA,yes,NA,doi.org/10.5281/zenodo.2593735
a000285,yes,NA,yes,NA,yes,NA,osf.io/tnjqs
a000287,yes,NA,yes,NA,yes,NA,osf.io/fctr8
a000288,yes,NA,yes,NA,yes,NA,osf.io/3hu8m
a000292,yes,NA,yes,NA,yes,NA,iris-database.org/iris/app/home/detail?id=york:934328
a000293,yes,NA,yes,NA,yes,NA,osf.io/rt6w2
a000294,yes,NA,yes,NA,yes,NA,osf.io/fpsu8
a000295,yes,NA,yes,NA,yes,NA,iris-database.org
a000295,yes,NA,yes,NA,yes,NA,osf.io/57zkv
a000296,yes,NA,yes,NA,yes,NA,doi.org/10.6084/m9.figshare.7271480.v1
a000297,yes,NA,yes,NA,yes,NA,osf.io/gzyth
a000298,yes,NA,yes,NA,yes,NA,osf.io/8zeqp
a000299,yes,NA,other,"Appendix A is explicitly called ""Supplemental data"" but is just a document, not data. Actual shared data is buried in body of article text.",yes,NA,osf.io/zbu3x
a000300,yes,NA,yes,NA,yes,NA,osf.io/4rs5x
a000300,yes,NA,yes,NA,yes,NA,osf.io/9tm36
a000301,yes,NA,yes,NA,yes,NA,osf.io/6n894
a000302,yes,NA,yes,NA,yes,NA,doi.org/10.7910/DVN/9AWUYJ
a000303,yes,NA,yes,NA,yes,NA,doi.org/10.7910/DVN/WZV20D
a000305,yes,NA,yes,NA,yes,NA,dx.doi.org/10.7910/DVN/LVHIYG
a000306,yes,NA,yes,NA,yes,NA,osf.io/k8t4b
a000309,yes,NA,yes,NA,yes,NA,doi.org/10.14264/uql.2019.12
a000311,yes,NA,yes,NA,yes,NA,osf.io/du5jc
a000313,yes,NA,yes,NA,yes,NA,osf.io/rhju9
a000314,yes,NA,yes,NA,yes,NA,osf.io/xvmr7
a000315,yes,NA,yes,NA,yes,NA,doi.org/10.7910/DVN/JTV6W6
a000316,yes,NA,yes,NA,yes,NA,osf.io/nft78
a000317,yes,NA,yes,NA,yes,NA,osf.io/fsadm
a000318,yes,NA,yes,NA,yes,NA,github.com/langcog/KTE
a000319,yes,NA,yes,NA,yes,NA,doi.org/10.17605/OSF.IO/P49YA
a000320,yes,NA,yes,NA,yes,NA,osf.io/pr3hf
a000321,yes,NA,yes,NA,yes,NA,osf.io/qtsx2
a000322,yes,NA,yes,NA,yes,NA,osf.io/au4x3
a000323,yes,NA,yes,NA,yes,NA,osf.io/we7aj
a000324,yes,NA,yes,NA,yes,NA,osf.io/bmaf2
a000325,yes,NA,yes,NA,yes,NA,osf.io/kzmr5
a000325,yes,NA,yes,NA,yes,NA,osf.io/rt6un
a000327,yes,NA,yes,NA,yes,NA,osf.io/5whvu
a000328,yes,NA,yes,NA,yes,NA,osf.io/usfa5/?view_only=1f2e1994fc6247548499f47de64a2650
a000329,yes,NA,yes,NA,yes,NA,osf.io/gw9jh
a000330,yes,NA,yes,NA,yes,NA,doi.org/10.7910/DVN/WD3IUA
a000331,yes,NA,yes,NA,yes,NA,dx.doi.org/10.7910/DVN/ZFLG25
a000332,yes,NA,yes,NA,yes,NA,osf.io/5xmb2
a000333,yes,NA,yes,NA,yes,NA,osf.io/x3prf
a000334,yes,NA,yes,NA,yes,NA,dx.doi.org/10.7910
a000335,yes,NA,yes,NA,yes,NA,osf.io/6fgnq
a000336,yes,NA,yes,NA,yes,NA,osf.io/nydsz
a000337,yes,NA,yes,NA,yes,NA,doi.org/10.7910/DVN/RW10GZ
a000338,yes,NA,yes,NA,yes,NA,doi.org/10.7910/DVN/KPJUFL
a000339,yes,NA,yes,NA,yes,NA,osf.io/b7qpu
a000340,yes,NA,yes,NA,yes,NA,osf.io/7a9tt
a000341,yes,NA,yes,NA,yes,NA,osf.io/d6hms
a000342,yes,NA,yes,NA,yes,NA,osf.io/xyh24
a000343,yes,NA,yes,NA,yes,NA,osf.io/8z2an
a000344,yes,NA,yes,NA,yes,NA,osf.io/8dv5z
a000345,yes,NA,yes,NA,yes,NA,osf.io/rf3ys
a000347,yes,NA,yes,NA,yes,NA,osf.io/ha28n
a000348,yes,NA,yes,NA,yes,NA,doi.org/10.7910/DVN/ZRZGTT
a000350,yes,NA,yes,NA,yes,NA,osf.io/5gtyv
a000352,yes,NA,yes,NA,yes,NA,doi.org/10.7910/DVN/RLLL1V
a000353,yes,NA,yes,NA,yes,NA,osf.io/bdvxs
a000354,yes,NA,yes,NA,yes,NA,osf.io/i5knh
a000355,yes,NA,yes,NA,yes,NA,osf.io/7d5b5
a000356,yes,NA,yes,NA,yes,NA,doi.org/10.5283/epub.38033
a000357,yes,NA,yes,NA,yes,NA,osf.io/2jme8
a000358,yes,NA,yes,NA,yes,NA,osf.io/dpsyz/?view_only=a256f1d6e5fb4d97adac2147f58811ae
a000359,yes,NA,yes,NA,yes,NA,doi.org/10.5284/1011888
a000361,yes,NA,yes,NA,yes,NA,osf.io/ft462
a000362,yes,NA,yes,NA,yes,NA,osf.io/rh9x6/?view_only=65ae8ed424e84dfda8594efa5b3aa714
a000363,yes,NA,yes,NA,yes,NA,osf.io/6akvt/files
a000364,yes,NA,yes,NA,yes,NA,osf.io/pa8jw
a000365,yes,NA,yes,NA,yes,NA,dx.doi.org/10.7910/DVN/IXWZZO
a000366,yes,NA,yes,NA,yes,NA,osf.io/9x6wm
a000367,yes,NA,yes,NA,yes,NA,doi.org/10.7910/DVN/YM4LDG
a000368,yes,NA,yes,NA,yes,NA,osf.io/akp9n
a000369,yes,NA,yes,NA,yes,NA,osf.io/5fbac
a000371,yes,NA,yes,NA,no,NA,NA
a000372,yes,NA,yes,NA,yes,NA,dataverse.harvard.edu/dataset.xhtml?persistentId=doi:10.7910/DVN/9KSHOE
a000373,yes,NA,yes,NA,yes,NA,osf.io/4q3dc
a000376,yes,NA,yes,NA,yes,NA,osf.io/r96hg
a000377,yes,NA,yes,NA,yes,NA,osf.io/da56v
a000377,yes,NA,yes,NA,yes,NA,osf.io/fwt65
a000378,yes,NA,yes,NA,yes,NA,osf.io/b9mnr
a000379,yes,NA,yes,NA,yes,NA,osf.io/d7w8a
a000380,yes,NA,yes,NA,yes,NA,osf.io/w2434
a000381,yes,NA,yes,NA,yes,NA,osf.io/9dm3u
a000381,yes,NA,yes,NA,yes,NA,osf.io/dkrmw
a000382,yes,NA,yes,NA,yes,NA,osf.io/t3csz
a000383,yes,NA,yes,NA,yes,NA,osf.io/uh3in
a000386,yes,NA,yes,NA,yes,NA,osf.io/r483u
a000387,yes,NA,yes,NA,yes,NA,osf.io/wgfnm
a000388,yes,NA,yes,NA,yes,NA,doi.org/10.6084/m9.figshare.4743547.v1
a000389,yes,NA,yes,NA,yes,NA,osf.io/f78gs
a000389,yes,NA,yes,NA,yes,NA,osf.io/kq897
a000389,yes,NA,yes,NA,yes,NA,www.psych.nyu.edu/westlab/lab-resources.html
a000390,yes,NA,yes,NA,yes,NA,DOI 10.7910/DVN/SURSEO
a000391,yes,NA,yes,NA,other,Article contains both links and provides accession numbers to data resources without hyperlinks,European Bioinformations Institute Accession No. PRJEB11414
a000391,yes,NA,yes,NA,other,Article contains both links and provides accession numbers to data resources without hyperlinks,European Bioinformations Institute Accession No. PRJEB30873
a000391,yes,NA,yes,NA,other,Article contains both links and provides accession numbers to data resources without hyperlinks,github.com/knights-lab/douc_gut_sites
a000391,yes,NA,yes,NA,other,Article contains both links and provides accession numbers to data resources without hyperlinks,iris-database.org/iris/app/home/detail?id=york:934328
a000392,yes,NA,yes,NA,yes,NA,dx.doi.org/10.7910/DVN/RJAUNW
a000393,yes,NA,yes,NA,yes,NA,osf.io/9ge7n
a000394,yes,NA,yes,NA,yes,NA,osf.io/sr9f4
a000395,yes,NA,yes,NA,yes,NA,doi.org/10.17863/CAM.31530
a000398,yes,NA,yes,NA,yes,NA,doi.org/10.1594/PANGAEA.885879
a000399,yes,NA,yes,NA,yes,NA,dx.doi.org/10.5061/dryad.5t0b8
a000400,yes,NA,yes,NA,other,Article mentions that data is available as supporting materials,doi.org/10.1002/jnr.24441
a000401,yes,NA,yes,NA,yes,NA,osf.io/c5ju9
a000402,yes,NA,yes,NA,yes,NA,doi.org/10.7910/DVN/I0VEMG
a000403,yes,NA,yes,NA,yes,NA,osf.io/92xqk
a000404,yes,NA,yes,NA,yes,NA,dataverse.harvard.edu/dataset.xhtml?persistentId=doi%3A10.7910%2FDVN%2FVWZZLO&version=DRAFT
a000406,yes,NA,yes,NA,yes,NA,osf.io/b9tse
a000407,yes,NA,yes,NA,yes,NA,hdl.handle.net/10871/24754
a000408,yes,NA,no,NA,yes,NA,osf.io/nrf72
a000409,yes,NA,yes,NA,yes,NA,doi.org/10.6084/m9.figshare.4742935.v2
a000410,yes,NA,yes,NA,yes,NA,osf.io/xf7rn
a000411,yes,NA,yes,NA,yes,NA,doi.org/10.7910/DVN/8R3LTP
a000412,yes,NA,yes,NA,yes,NA,osf.io/fzmsa
a000413,yes,NA,yes,NA,yes,NA,doi.org/10.7910/DVN/LD6NL8
a000414,yes,NA,yes,NA,yes,NA,osf.io/eujyn
a000416,yes,NA,yes,NA,yes,NA,osf.io/g3sca/wiki/home
a000417,yes,NA,yes,NA,yes,NA,doi.org/10.1016/j.jrp.2018.02.003
a000418,yes,NA,yes,NA,yes,NA,dx.doi.org/10.5284/1019856
a000419,yes,NA,yes,NA,yes,NA,dx.doi.org/10.5281/zenodo.18545
a000420,yes,NA,yes,NA,yes,NA,catalogue.ceda.ac.uk/uuid/1d29816cee7e4fb586b80a3f7debcb8e
a000421,yes,NA,yes,NA,yes,NA,osf.io/b8c7z
a000422,yes,NA,yes,NA,yes,NA,osf.io/sgwv6
a000423,yes,NA,yes,NA,yes,NA,doi.org/10.7910/DVN/D5DEHM
a000425,yes,NA,yes,NA,yes,NA,www.dx.doi.org/10.7910/DVN/DIDBMQ
a000426,yes,NA,yes,NA,yes,NA,catalogue.ceda.ac.uk/uuid/4dc8450d889a491ebb20e724debe2dfb
a000427,yes,NA,yes,NA,yes,NA,osf.io/wcrd2
a000429,yes,NA,yes,NA,yes,NA,osf.io/4d3b9
a000429,yes,NA,yes,NA,yes,NA,reshare.ukdataservice.ac.uk/852716
a000430,yes,NA,yes,NA,yes,NA,osf.io/nmabe
a000433,yes,NA,yes,NA,yes,NA,osf.io/pnvjf
a000437,yes,NA,yes,NA,yes,NA,osf.io/5tejq
a000438,yes,NA,yes,NA,yes,NA,osf.io/snfjx
a000439,yes,NA,yes,NA,yes,NA,dx.doi.org/10.7910/DVN/HDMGLY
a000440,yes,NA,no,NA,yes,NA,dx.doi.org/10.17605/OSF.IO/ZFPMD
a000441,yes,NA,yes,NA,yes,NA,doi.org/10.7910/DVN/HUZGPJ
a000442,yes,NA,yes,NA,yes,NA,osf.io/hkzsm
a000443,yes,NA,yes,NA,yes,NA,dx.doi.org/10.7289/V5QJ7F8R
a000444,yes,NA,yes,NA,yes,NA,data.mendeley.com/datasets/f2wvbpsmyv/draft?a=e8c3968c-8b4a-47b5-a7d1-5aa120f1bc76
a000446,yes,NA,yes,NA,yes,NA,osf.io/k3fj6
a000447,yes,NA,yes,NA,yes,NA,osf.io/embpx
a000448,yes,NA,yes,NA,yes,NA,osf.io/m573q
a000449,yes,NA,yes,NA,yes,NA,osf.io/krshq
a000450,yes,NA,yes,NA,yes,NA,osf.io/ry75j
a000452,yes,NA,yes,NA,yes,NA,osf.io/arqp8
a000457,yes,NA,yes,NA,yes,NA,osf.io/gjc5b
a000458,yes,NA,yes,NA,yes,NA,osf.io/huc2k
a000460,yes,NA,yes,NA,yes,NA,osf.io/92vfw
a000463,yes,NA,yes,NA,yes,NA,osf.io/t2wby
a000464,yes,NA,yes,NA,yes,NA,neurovault.org/collections/YYMVWBOF
a000464,yes,NA,yes,NA,yes,NA,osf.io/c8gbj
a000465,yes,NA,yes,NA,yes,NA,nyu.databrary.org/volume/79
a000466,yes,NA,yes,NA,yes,NA,doi.org/10.7910/DVN/SEHMGR
a000470,yes,NA,yes,NA,yes,NA,osf.io/h5nbu
a000471,yes,NA,yes,NA,yes,NA,osf.io/5ka94/?view_only=15c365b391ed4e4d9d38c811ea359392
a000473,yes,NA,yes,NA,yes,NA,dx.doi.org/10.5061/dryad.d2441
a000474,yes,NA,yes,NA,yes,NA,osf.io/8yufm
a000475,yes,NA,yes,NA,yes,NA,osf.io/qknug
a000476,yes,NA,yes,NA,yes,NA,osf.io/avz8g
a000477,yes,NA,yes,NA,yes,NA,osf.io/yf3da
a000479,yes,NA,yes,NA,yes,NA,osf.io/kce5n
a000480,yes,NA,yes,NA,yes,NA,dx.doi.org/10.7910/DVN/FS90RJ
a000483,yes,NA,yes,NA,yes,NA,osf.io/tewvk
a000484,yes,NA,yes,NA,yes,NA,www.oa.uni-hamburg.de/hattke-kalucza
a000485,yes,NA,yes,NA,yes,NA,osf.io/wjxpf
a000489,yes,NA,yes,NA,yes,NA,osf.io/x8q4j
a000490,yes,NA,yes,NA,yes,NA,osf.io/24mej
a000490,yes,NA,yes,NA,yes,NA,osf.io/gsv84
a000491,yes,NA,yes,NA,yes,NA,osf.io/pzvue
a000492,yes,NA,yes,NA,yes,NA,osf.io/2zbvs/?view_only=8b56bf1e32d147a5a673f0c3494d25ff
a000493,yes,NA,yes,NA,other,Article has a link (which is almost certainly incorrect) but also a separate accession number for the raw data with no hyperlink,BioProject Accession No. PRJNA574440
a000493,yes,NA,yes,NA,other,Article has a link (which is almost certainly incorrect) but also a separate accession number for the raw data with no hyperlink,iris-database.org/iris/app/home/detail?id=york:934328
a000494,yes,NA,yes,NA,no,NA,NA
a000495,yes,NA,yes,NA,yes,NA,github.com/iancballard/magnitude
a000495,yes,NA,yes,NA,yes,NA,openfmri.org/dataset/ds000223
a000496,yes,NA,yes,NA,yes,NA,osf.io/9ua8f
a000497,yes,NA,yes,NA,yes,NA,doi.org/10.5281/zenodo.2555766
a000500,yes,NA,no,NA,yes,NA,osf.io/grh8s
a000501,yes,NA,yes,NA,yes,NA,iris-database.org/iris/app/home/search?query=Jung+in+press
a000502,yes,NA,no,NA,yes,NA,osf.io/5itqa
a000502,yes,NA,no,NA,yes,NA,osf.io/8q769
a000503,yes,NA,yes,NA,yes,NA,osf.io/cw6y8/?view_only=24a186cebd52441ea0170ed63caf70ab
a000504,yes,NA,yes,NA,yes,NA,osf.io/8qzkc/?view_only=4f0b14f72e3940f38bfff87bfa2499c0
a000505,yes,NA,yes,NA,yes,NA,osf.io/mvz3r
a000507,yes,NA,yes,NA,yes,NA,osf.io/qcdgp
a000508,yes,NA,yes,NA,yes,NA,osf.io/wmg6t
a000509,yes,NA,yes,NA,yes,NA,osf.io/rwvc4
a000510,yes,NA,yes,NA,yes,NA,osf.io/n6d9f
a000511,yes,NA,yes,NA,yes,NA,https:osf.io/mnz8j
a000512,yes,NA,yes,NA,other,"Article PDF just links to mendeley.com in general without specific details, but the actual directly links are on journal web page for article (and not in the PDF)",data.mendeley.com/datasets/n23pgm86rr/1
a000514,yes,NA,yes,NA,yes,NA,osf.io/dwza4
a000515,yes,NA,yes,NA,yes,NA,osf.io/7bujx
a000516,yes,NA,yes,NA,yes,NA,osf.io/p778t
a000518,yes,NA,yes,NA,yes,NA,iris-database.org
a000519,yes,NA,yes,NA,yes,NA,osf.io/9tgy4
a000522,yes,NA,yes,NA,yes,NA,osf.io/ajvgt
a000523,yes,NA,yes,NA,yes,NA,doi.org/10.7910/DVN/FPYKTP
a000524,yes,NA,yes,NA,yes,NA,osf.io/mcvt7/wiki/home
a000525,yes,NA,no,NA,yes,NA,osf.io/x8jzb
a000527,yes,NA,yes,NA,yes,NA,doi.org/10.5285/7925ded722d743fa8259a93acc7073f2
a000529,yes,NA,yes,NA,yes,NA,doi.org/10.7910/DVN/SSEN5A
a000530,yes,NA,yes,NA,yes,NA,osf.io/zf4tj
a000531,yes,NA,yes,NA,yes,NA,osf.io/u9bsv
a000532,yes,NA,yes,NA,other,Article mentions that data is available as supporting materials,doi.org/10.1002/jnr.24485
a000533,yes,NA,yes,NA,yes,NA,github.com/alexlwhite/WhiteBoyntonYeatman2019_Repository
a000534,yes,NA,yes,NA,yes,NA,osf.io/t46nw
a000535,yes,NA,yes,NA,yes,NA,osf.io/rkf9p
a000538,yes,NA,yes,NA,yes,NA,doi.org/10.7910/DVN/OGVWDE
a000539,yes,NA,yes,NA,yes,NA,osf.io/px8h3
a000540,yes,NA,no,NA,no,NA,NA
a000541,yes,NA,yes,NA,yes,NA,osf.io/zqg9y
a000543,yes,NA,yes,NA,yes,NA,osf.io/daj2p
a000544,yes,NA,yes,NA,yes,NA,data.mendeley.com/datasets/48jhxswdrv/draft?a=037ef882-2002-45e8-88ad-f8ee8e7bea37
a000545,yes,NA,yes,NA,yes,NA,doi.org/10.7910/DVN/XZ0IZE
a000547,yes,NA,yes,NA,yes,NA,hdl.handle.net/1902.29/11793
a000548,yes,NA,yes,NA,yes,NA,osf.io/cuz8g
a000550,yes,NA,yes,NA,yes,NA,dx.doi.org/10.23668/psycharchives.2367
a000552,yes,NA,yes,NA,yes,NA,osf.io/78ukq
a000553,yes,NA,yes,NA,yes,NA,osf.io/d5s2t
a000553,yes,NA,yes,NA,yes,NA,osf.io/nz3su
a000553,yes,NA,yes,NA,yes,NA,osf.io/vwytd
a000554,yes,NA,yes,NA,yes,NA,osf.io/u9ac3
a000556,yes,NA,yes,NA,yes,NA,osf.io/hjfw9
a000557,yes,NA,yes,NA,yes,NA,osf.io/8cd4r
a000558,yes,NA,yes,NA,yes,NA,osf.io/zuwxt
a000559,yes,NA,yes,NA,yes,NA,iris-database.org/iris/app/home/detail?id=york:932233
a000560,yes,NA,yes,NA,yes,NA,osf.io/ck22q
a000561,yes,NA,yes,NA,yes,NA,osf.io/ik356
a000561,yes,NA,yes,NA,yes,NA,osf.io/kj3r7
a000562,yes,NA,yes,NA,yes,NA,10.6084/m9.figshare.9225476
a000562,yes,NA,yes,NA,yes,NA,10.6084/m9.figshare.9227495
a000562,yes,NA,yes,NA,yes,NA,10.6084/m9.figshare.9249530
a000563,yes,NA,yes,NA,yes,NA,osf.io/4x8mu/?view_only=753fda4b39dd449e99942875079bd400
a000563,yes,NA,yes,NA,yes,NA,osf.io/b8y6h/?view_only=b2e1f32ca3cb4bdd8e643428970e213a
a000564,yes,NA,yes,NA,yes,NA,github.com/piazzai/smj-18-19552
a000565,yes,NA,yes,NA,yes,NA,github.com/richarddmorey/nullHistoryAMPPS
a000566,yes,NA,yes,NA,yes,NA,thedata.harvard.edu/dvn/dv/physics
a000567,yes,NA,yes,NA,yes,NA,osf.io/fnps3
a000568,yes,NA,yes,NA,yes,NA,hdl.handle.net/10871/19257
a000569,yes,NA,yes,NA,yes,NA,osf.io/vh5jt
a000570,yes,NA,yes,NA,yes,NA,doi.org/10.7910/DVN/WGWMAV
a000571,yes,NA,yes,NA,yes,NA,osf.io/vcqmd
a000572,yes,NA,yes,NA,yes,NA,osf.io/u7tkp
a000573,yes,NA,yes,NA,other,Links are on journal web page for article not in PDF,data.mendeley.com/datasets/3w48v2nbgc/2
a000575,yes,NA,yes,NA,yes,NA,hdl.handle.net/2374.MIA/6254
a000577,yes,NA,yes,NA,yes,NA,osf.io/nmt5f
a000578,yes,NA,yes,NA,yes,NA,osf.io/8bknh
a000579,yes,NA,yes,NA,yes,NA,osf.io/gytpn
a000579,yes,NA,yes,NA,yes,NA,osf.io/x6ehp
a000580,yes,NA,yes,NA,yes,NA,osf.io/5zuq7
a000580,yes,NA,yes,NA,yes,NA,osf.io/6n3yq
a000580,yes,NA,yes,NA,yes,NA,osf.io/g5cxj
a000580,yes,NA,yes,NA,yes,NA,osf.io/jckvq
a000580,yes,NA,yes,NA,yes,NA,osf.io/siqyz
a000581,yes,NA,yes,NA,yes,NA,osf.io/n8v3c
a000581,yes,NA,yes,NA,yes,NA,reshare.ukdataservice.ac.uk/852882
a000582,yes,NA,yes,NA,no,NA,NA
a000583,yes,NA,yes,NA,yes,NA,osf.io/u8sdh
a000585,yes,NA,yes,NA,yes,NA,osf.io/j9aa7
a000586,yes,NA,yes,NA,yes,NA,dx.doi.org/10.7910/DVN/PLLBQJ
a000588,yes,NA,yes,NA,yes,NA,dataverse.harvard.edu/dataset.xhtml?persistentId=doi:10.7910/DVN/HMCRD7
a000589,yes,NA,yes,NA,yes,NA,doi.org/10.7910/DVN/QBHGRC
a000591,yes,NA,yes,NA,yes,NA,osf.io/4pdvg
a000591,yes,NA,yes,NA,yes,NA,osf.io/xytch
a000592,yes,NA,yes,NA,yes,NA,dx.doi.org/10.7910/DVN/24885
a000594,yes,NA,yes,NA,yes,NA,osf.io/xzp9s
a000595,other,"No graphical badge, but awarded badges are listed, as text",yes,NA,yes,NA,doi.org/10.17632/42djnzsw8f.2
a000596,yes,NA,yes,NA,yes,NA,osf.io/ge2d5
a000597,yes,NA,no,NA,other,"Link on article website, not in PDF",aisel.aisnet.org/trr/vol2/iss1/4
a000598,yes,NA,yes,NA,yes,NA,doi.org/10.7910/DVN/XYUWYJ
a000601,yes,NA,yes,NA,yes,NA,osf.io/4bwq3
a000604,yes,NA,yes,NA,yes,NA,osf.io/jazfy
a000605,yes,NA,yes,NA,yes,NA,www.openicpsr.org/openicpsr/project/101920/version/V3/view
a000606,yes,NA,yes,NA,yes,NA,osf.io/9yt23
a000608,yes,NA,yes,NA,yes,NA,osf.io/9ungb
a000609,yes,NA,yes,NA,yes,NA,osf.io/96s4v
a000614,yes,NA,yes,NA,yes,NA,osf.io/bktjs
a000615,yes,NA,yes,NA,yes,NA,osf.io/vy62h
a000616,yes,NA,yes,NA,yes,NA,osf.io/am5nh
a000617,yes,NA,yes,NA,yes,NA,figshare.com/s/cccac39f891998509c85
a000618,yes,NA,yes,NA,yes,NA,dx.doi.org/10.6084/m9.figshare.1275172
a000620,yes,NA,yes,NA,yes,NA,osf.io/cwbgv
a000621,yes,NA,yes,NA,yes,NA,osf.io/6xgfn
a000622,yes,NA,yes,NA,yes,NA,osf.io/myfg7
a000624,yes,NA,yes,NA,yes,NA,dx.doi.org/10.17632/fdmshk2d5x.1
a000625,yes,NA,yes,NA,yes,NA,dataverse.harvard.edu/dataset.xhtml?persistentId=doi:10.7910/DVN/WYA1S2
a000627,yes,NA,yes,NA,yes,NA,osf.io/x37d5
a000628,yes,NA,yes,NA,yes,NA,osf.io/4qbxv
a000629,yes,NA,yes,NA,yes,NA,osf.io/473gq
a000629,yes,NA,yes,NA,yes,NA,osf.io/d2ncs
a000631,yes,NA,yes,NA,yes,NA,osf.io/k8nur
a000634,yes,NA,yes,NA,yes,NA,osf.io/7gdxt
a000634,yes,NA,yes,NA,yes,NA,osf.io/k8pqw
a000635,yes,NA,yes,NA,yes,NA,doi.org/10.7910/DVN/XU8ZWB
a000636,yes,NA,yes,NA,yes,NA,osf.io/7uvcp
a000637,yes,NA,yes,NA,yes,NA,osf.io/35pf6
a000638,yes,NA,yes,NA,yes,NA,osf.io/59wda
a000638,yes,NA,yes,NA,yes,NA,osf.io/ez3ku
a000639,yes,NA,yes,NA,yes,NA,osf.io/3r2q9
a000641,yes,NA,yes,NA,yes,NA,osf.io/tgmf6
a000642,yes,NA,yes,NA,yes,NA,osf.io/5yau4
a000643,yes,NA,yes,NA,yes,NA,osf.io/jxad3
a000645,yes,NA,yes,NA,yes,NA,osf.io/egtrb
a000646,yes,NA,yes,NA,yes,NA,osf.io/zcbp7
a000649,yes,NA,yes,NA,yes,NA,osf.io/3qskj
a000650,yes,NA,yes,NA,yes,NA,osf.io/tcuap
a000651,yes,NA,yes,NA,yes,NA,osf.io/sqp6z
a000652,yes,NA,yes,NA,yes,NA,osf.io/x9kqz
a000653,yes,NA,yes,NA,yes,NA,osf.io/8jy6r
a000655,yes,NA,yes,NA,yes,NA,db.humanconnectome.org
a000657,yes,NA,yes,NA,yes,NA,doi.org/10.7910/DVN/GDFJ4N
a000658,yes,NA,yes,NA,yes,NA,osf.io/9cxwb
a000660,yes,NA,yes,NA,yes,NA,osf.io/t86zx
a000663,yes,NA,yes,NA,yes,NA,osf.io/z7kq2
a000664,yes,NA,no,NA,yes,NA,osf.io/487v9/?view_only=dd53baba3ed945649cda7314fb10a957
a000665,yes,NA,yes,NA,yes,NA,osf.io/8sxgu
a000665,yes,NA,yes,NA,yes,NA,osf.io/heun6
a000665,yes,NA,yes,NA,yes,NA,osf.io/p5fta
a000667,yes,NA,yes,NA,yes,NA,osf.io/fhjyb
a000668,yes,NA,yes,NA,yes,NA,dx.doi.org/10.7910/DVN/TIXGF8
a000670,yes,NA,yes,NA,yes,NA,osf.io/9ej2c
a000671,yes,NA,yes,NA,yes,NA,osf.io/ftbhj
a000672,yes,NA,yes,NA,yes,NA,osf.io/73puw
a000673,yes,NA,yes,NA,yes,NA,doi.org/10.7910/DVN/HI1X4O
a000674,yes,NA,yes,NA,yes,NA,bit.ly/2JI8RlP
a000675,yes,NA,yes,NA,yes,NA,dx.doi.org/10.7910/DVN/W1TDGZ
a000676,yes,NA,yes,NA,yes,NA,osf.io/fd6ue
a000678,yes,NA,other,"Standard JBPA link to ""Open data"" is there on the first page, but no URL attached. There is a link in a footnote later on.",yes,NA,dataverse.harvard.edu/dataverse/JBPA
a000681,yes,NA,yes,NA,yes,NA,doi.org/10.5281/zenodo.3371710
a000682,yes,NA,yes,NA,yes,NA,osf.io/7gvkt
a000683,yes,NA,yes,NA,yes,NA,archaeologydataservice.ac.uk/archives/view/urubici_na_2015
a000684,yes,NA,yes,NA,yes,NA,doi.org/10.7910/DVN/DZ1NFG
a000686,yes,NA,yes,NA,yes,NA,doi.org/10.5281/zenodo.3548752
a000686,yes,NA,yes,NA,yes,NA,doi.org/10.5281/zenodo.3548883
a000686,yes,NA,yes,NA,yes,NA,doi.org/10.5281/zenodo.3548898
a000686,yes,NA,yes,NA,yes,NA,doi.org/10.5281/zenodo.3548902
a000687,yes,NA,yes,NA,yes,NA,doi.org/10.17605/OSF.IO/WCJSF
a000688,yes,NA,yes,NA,yes,NA,iris-database.org
a000689,yes,NA,yes,NA,yes,NA,osf.io/6myfj
a000689,yes,NA,yes,NA,yes,NA,osf.io/tk67x
a000692,yes,NA,yes,NA,other,Links are on journal web page for article not in PDF,data.mendeley.com/datasets/7j6bn6tx8f/1
a000694,yes,NA,yes,NA,yes,NA,osf.io/7nwa6
a000696,yes,NA,yes,NA,yes,NA,citsci.geog.mcgill.ca
a000698,yes,NA,yes,NA,yes,NA,catalogue.ceda.ac.uk/uuid/8e6cbb111cfd41a19c92aadcb2d040fd
a000700,yes,NA,yes,NA,yes,NA,osf.io/8y2ga
a000702,yes,NA,yes,NA,yes,NA,dx.doi.org/10.7910/DVN/DJ2DPZ
a000703,yes,NA,yes,NA,yes,NA,doi.org/10.25592/uhhfdm.139
a000703,yes,NA,yes,NA,yes,NA,osf.io/79gn4
a000704,yes,NA,yes,NA,yes,NA,osf.io/54jd9
a000705,yes,NA,yes,NA,yes,NA,osf.io/7apwg/?view_only=4f6d2e286518484e921b926332444e90
a000706,yes,NA,yes,NA,yes,NA,osf.io/bmpj9
a000708,yes,NA,yes,NA,yes,NA,osf.io/vkmep
a000709,yes,NA,yes,NA,yes,NA,osf.io/n8spz
a000710,yes,NA,yes,NA,yes,NA,osf.io/btkjw
a000712,yes,NA,yes,NA,yes,NA,osf.io/2cvm5/?view_only=fac6abc8a7fd4f7ebe20df1912a0da2b
a000713,yes,NA,yes,NA,yes,NA,doi.org/10.17605/OSF.IO/EMF9H
a000714,yes,NA,yes,NA,yes,NA,osf.io/7wazk
a000716,yes,NA,yes,NA,yes,NA,osf.io/r5kcn
a000717,yes,NA,yes,NA,yes,NA,doi.org/10.18113/D3W375
a000718,yes,NA,yes,NA,yes,NA,osf.io/cdyf9
a000718,yes,NA,yes,NA,yes,NA,osf.io/df74g
a000718,yes,NA,yes,NA,yes,NA,osf.io/djxyg
a000718,yes,NA,yes,NA,yes,NA,osf.io/v9b7j
a000719,yes,NA,no,NA,yes,NA,osf.io/ah54c
a000720,yes,NA,yes,NA,yes,NA,10.6084/m9.figshare.7854731
a000721,yes,NA,yes,NA,yes,NA,osf.io/4ufvz
a000722,yes,NA,yes,NA,yes,NA,n2t.net/ark:/13030/m5bc629d
a000723,yes,NA,yes,NA,yes,NA,osf.io/9p6t5
a000724,yes,NA,yes,NA,yes,NA,doi.org/10.7910/DVN/OKZMIY
a000726,yes,NA,yes,NA,yes,NA,osf.io/zkfhs
a000727,yes,NA,yes,NA,yes,NA,osf.io/8n7ev
a000728,yes,NA,yes,NA,yes,NA,osf.io/r8a24
a000729,yes,NA,yes,NA,yes,NA,osf.io/yvtp2
a000730,yes,NA,yes,NA,yes,NA,dx.doi.org/10.17605/osf.io/hzpgy
a000731,yes,NA,yes,NA,yes,NA,osf.io/m7sdz
a000732,yes,NA,yes,NA,yes,NA,osf.io/xp6r7
a000734,yes,NA,yes,NA,yes,NA,osf.io/gjt37
a000736,yes,NA,yes,NA,yes,NA,doi.org/10.7910/DVN/K7OCDX
a000737,yes,NA,yes,NA,yes,NA,dx.doi.org/10.7910/DVN/2XP8YF
a000739,yes,NA,yes,NA,yes,NA,osf.io/jd4d2
a000740,yes,NA,yes,NA,yes,NA,osf.io/vyibm/files
a000742,yes,NA,yes,NA,yes,NA,osf.io/tn3y5
a000743,yes,NA,yes,NA,yes,NA,osf.io/7ugsk
a000745,yes,NA,yes,NA,yes,NA,hppt://www.osf.io/uqg5m/#))
a000746,yes,NA,yes,NA,yes,NA,osf.io/ys8ct/wiki/home
a000747,yes,NA,yes,NA,yes,NA,osf.io/5bdwk
a000748,yes,NA,yes,NA,yes,NA,osf.io/aegr4
a000749,yes,NA,yes,NA,yes,NA,osf.io/pdsmw
a000750,yes,NA,no,NA,yes,NA,osf.io.yiupc
a000750,yes,NA,no,NA,yes,NA,osf.io/4fb7d
a000753,yes,NA,yes,NA,yes,NA,osf.io/8w4vq
a000754,yes,NA,yes,NA,yes,NA,osf.io/8bqaj
a000755,yes,NA,no,NA,yes,NA,osf.io/hguz4
a000757,yes,NA,yes,NA,yes,NA,osf.io/rwuya/?view_only=6e25d904b89c463992ceb267477cb5a0
a000759,yes,NA,yes,NA,yes,NA,bit.ly/music_entropy_MMN
a000760,yes,NA,yes,NA,yes,NA,doi.org/10.7910/DVN/PGXO5O
a000761,yes,NA,yes,NA,yes,NA,osf.io/qe5nw
a000764,yes,NA,yes,NA,yes,NA,doi.org/10.6084/m9.figshare.6818228.v1
a000765,yes,NA,yes,NA,yes,NA,osf.io/yck8s
a000766,yes,NA,yes,NA,yes,NA,osf.io/zny2m
a000767,yes,NA,yes,NA,yes,NA,osf.io/ftsrd
a000768,yes,NA,yes,NA,yes,NA,osf.io/maf3d
a000769,yes,NA,yes,NA,other,Links are on journal web page for article not in PDF,data.mendeley.com/datasets/snkgkt9t4c/1
a000770,yes,NA,yes,NA,yes,NA,doi:10.7910/DVN/TJKIWN
a000771,yes,NA,yes,NA,yes,NA,osf.io/ycx49
a000772,yes,NA,yes,NA,yes,NA,osf.io/43fmu
a000773,yes,NA,no,NA,no,NA,NA
a000775,yes,NA,yes,NA,yes,NA,osf.io/ef78n
a000776,yes,NA,yes,NA,yes,NA,doi.org/10.7910/DVN/9IKGYY
a000777,yes,NA,yes,NA,yes,NA,dx.doi.org/10.7910/DVN/LWED0F
a000778,yes,NA,yes,NA,yes,NA,osf.io/fc8yt
a000779,yes,NA,yes,NA,yes,NA,osf.io/g5fvw
a000780,yes,NA,yes,NA,yes,NA,osf.io/zc47d
a000783,yes,NA,yes,NA,yes,NA,osf.io/gm95y
a000784,yes,NA,yes,NA,yes,NA,sro.sussex.ac.uk/id/eprint/74811
a000785,yes,NA,yes,NA,yes,NA,iris-database.org
a000787,yes,NA,yes,NA,yes,NA,osf.io/gm5j6
a000788,yes,NA,yes,NA,yes,NA,osf.io/z4dxa
a000789,yes,NA,yes,NA,yes,NA,osf.io/fq7mb
a000792,yes,NA,yes,NA,yes,NA,10.5285/0ceb4f85-0bbf-49f0-ab70-cfc137ab7d4d
a000792,yes,NA,yes,NA,yes,NA,10.5285/3b90962e-6fc8-4251-853e-b9683e37f790
a000792,yes,NA,yes,NA,yes,NA,10.5285/5f3c1a02-d5c4-4faa-9353-e8b68ce2ace2
a000792,yes,NA,yes,NA,yes,NA,10.5285/e911196a-b371-47b1-968c-661eb600d83b
a000792,yes,NA,yes,NA,yes,NA,10.5285/f52f012d‐9f2e‐42cc‐b628‐9cdea4fa3ba0
a000792,yes,NA,yes,NA,yes,NA,10.5285/f6cac471-7d92-4e6d-be8a-9f7887143058
a000793,yes,NA,yes,NA,yes,NA,doi.org/10.1016/j.evolhumbehav.2018.03.007
a000793,yes,NA,yes,NA,yes,NA,osf.io/egjwv
a000793,yes,NA,yes,NA,yes,NA,osf.io/n4hj6
a000794,yes,NA,yes,NA,yes,NA,osf.io/sy6ue
a000796,yes,NA,yes,NA,yes,NA,osf.io/pszjz
a000797,yes,NA,yes,NA,yes,NA,osf.io/hymkc
a000799,yes,NA,yes,NA,yes,NA,osf.io/6s8tc
a000801,yes,NA,yes,NA,yes,NA,osf.io/28ejf
a000803,yes,NA,yes,NA,yes,NA,osf.io/n9xep
a000804,yes,NA,yes,NA,yes,NA,osf.io/9k3sw
a000806,yes,NA,yes,NA,yes,NA,osf.io/48kyp
a000807,yes,NA,yes,NA,yes,NA,osf.io/x9h8b
a000808,yes,NA,yes,NA,yes,NA,dataverse.harvard.edu/dataset.xhtml?persistentId=doi:10.7910/DVN/A99NUB
a000810,yes,NA,yes,NA,yes,NA,osf.io/bqzpt
a000811,yes,NA,yes,NA,yes,NA,osf.io/u3byh
a000812,yes,NA,yes,NA,yes,NA,osf.io/7vef5
a000814,yes,NA,yes,NA,yes,NA,discover.ukdataservice.ac.uk/series/?sn=200001
a000814,yes,NA,yes,NA,yes,NA,discover.ukdataservice.ac.uk/series/?sn=2000032
a000816,yes,NA,yes,NA,yes,NA,osf.io/yg82m
a000817,yes,NA,yes,NA,yes,NA,osf.io/z9ikh
a000818,yes,NA,yes,NA,yes,NA,osf.io/pnr8s/?view_only=75ef6bf7b5244202a504b9150061157f
a000822,yes,NA,yes,NA,yes,NA,doi.org/10.7910/DVN/MTQEE1
a000823,yes,NA,yes,NA,yes,NA,dataverse.harvard.edu/dataset.xhtml?persistentId=doi:10.7910/DVN/ETM4LW
a000824,yes,NA,yes,NA,yes,NA,osf.io/pz4he
a000826,yes,NA,yes,NA,yes,NA,osf.io/dc5t8
a000827,yes,NA,yes,NA,yes,NA,osf.io/w24dm
a000828,yes,NA,yes,NA,yes,NA,osf.io/sgqsx
a000829,yes,NA,yes,NA,yes,NA,doi.org/10.7910/DVN/SNLKUE
a000831,yes,NA,yes,NA,no,NA,NA
a000832,yes,NA,yes,NA,yes,NA,osf.io/md9fk
a000833,yes,NA,yes,NA,yes,NA,osf.io/rmnk2
a000834,yes,NA,yes,NA,yes,NA,osf.io/anpbm
a000837,yes,NA,yes,NA,yes,NA,osf.io/xm8dh
a000840,yes,NA,yes,NA,yes,NA,osf.io/jqkg7/#
a000842,yes,NA,yes,NA,yes,NA,osf.io/crsiz
a000844,yes,NA,yes,NA,yes,NA,osf.io/3r96f
a000845,yes,NA,yes,NA,yes,NA,iris-database.org
a000846,yes,NA,yes,NA,yes,NA,osf.io/nfqb9
a000848,yes,NA,no,NA,yes,NA,doi.org/10.3886/E109001V5
a000849,yes,NA,yes,NA,yes,NA,dx.doi.org/10.7910/DVN/NQOWDE
a000850,yes,NA,yes,NA,yes,NA,doi.org/10.7910/DVN/RYNSDG
a000851,yes,NA,yes,NA,yes,NA,iris-database.org/iris/app/home/detail?id=york:936220&amp;ref=search
a000853,yes,NA,yes,NA,yes,NA,doi.org/10.7910/DVN/3DMNPE
a000856,yes,NA,yes,NA,yes,NA,osf.io/fdhru
a000857,yes,NA,yes,NA,yes,NA,doi.org/10.7910/DVN/CPVIOF
a000858,yes,NA,yes,NA,yes,NA,osf.io/g8xyt
a000860,yes,NA,yes,NA,yes,NA,osf.io/trwb4
a000861,yes,NA,yes,NA,yes,NA,osf.io/qh896
a000862,yes,NA,yes,NA,yes,NA,osf.io/x5stj
a000863,yes,NA,yes,NA,yes,NA,osf.io/v4qys
a000864,yes,NA,yes,NA,yes,NA,osf.io/m6vkg
a000865,yes,NA,yes,NA,yes,NA,osf.io/h7k9p/?view_only=2b0f6b3dbce2430fb41b2b85b27daf75
a000867,yes,NA,yes,NA,yes,NA,osf.io/dw5fm
a000872,yes,NA,yes,NA,yes,NA,osf.io/965xu
a000872,yes,NA,yes,NA,yes,NA,osf.io/mrq5g
a000872,yes,NA,yes,NA,yes,NA,osf.io/q8zx3
a000873,yes,NA,yes,NA,yes,NA,osf.io/hjt65
a000875,yes,NA,yes,NA,yes,NA,osf.io/yub2m
a000876,yes,NA,yes,NA,yes,NA,osf.io/uane6
a000878,yes,NA,yes,NA,yes,NA,osf.io/uqmh4
a000879,yes,NA,yes,NA,yes,NA,osf.io/chpfn
a000880,yes,NA,yes,NA,yes,NA,pisa2006.acer.edu.au/downloads.php
a000882,yes,NA,yes,NA,yes,NA,osf.io/nyq9j
a000883,yes,NA,yes,NA,yes,NA,doi.org/10.7910/DVN/MPQQC0
a000885,yes,NA,yes,NA,yes,NA,osf.io/w59au
a000886,yes,NA,yes,NA,yes,NA,doi.org/10.5281/zenodo.2591593
a000887,yes,NA,yes,NA,yes,NA,osf.io/3xgtk
a000891,yes,NA,yes,NA,yes,NA,osf.io/e2a6h
a000892,yes,NA,yes,NA,yes,NA,dx.doi.org/10.17605/OSF.IO/JTZU8
a000893,yes,NA,yes,NA,yes,NA,osf.io/9djq5
a000897,yes,NA,yes,NA,yes,NA,osf.io/khdvj
a000898,yes,NA,yes,NA,yes,NA,dx.doi.org/10.5284/1027216
a000899,yes,NA,yes,NA,yes,NA,osf.io/h2xpu
a000900,yes,NA,yes,NA,yes,NA,osf.io/e2yza
a000901,yes,NA,yes,NA,yes,NA,dx.doi.org/10.7910/DVN/GZA3GY
a000902,yes,NA,yes,NA,yes,NA,osf.io/xq28a
a000904,yes,NA,yes,NA,yes,NA,dataverse.nl/dvn/dv/chemosignaling
a000905,yes,NA,yes,NA,yes,NA,osf.io/pfuyq
a000906,yes,NA,yes,NA,yes,NA,dx.doi.org/10.7910/DVN/NS3NMH
a000909,yes,NA,yes,NA,yes,NA,dx.doi.org/10.7910/DVN/UQAIZI
a000910,yes,NA,yes,NA,yes,NA,data.mendeley.com/datasets/xyx2x7hhtm/1
a000911,yes,NA,yes,NA,yes,NA,osf.io/kxdm9
a000912,yes,NA,yes,NA,yes,NA,osf.io/csfmd
a000914,yes,NA,yes,NA,yes,NA,github.com/dyurovsky/noisy-kids
a000914,yes,NA,yes,NA,yes,NA,osf.io/96cx7
a000915,yes,NA,yes,NA,yes,NA,osf.io/a9fmd
a000916,yes,NA,yes,NA,yes,NA,osf.io/jkktw
a000918,yes,NA,yes,NA,yes,NA,doi.org/10.7910/DVN/ACYZIC
a000919,yes,NA,yes,NA,yes,NA,osf.io/usgz3
a000920,yes,NA,yes,NA,yes,NA,osf.io/zpjbg
a000923,yes,NA,yes,NA,yes,NA,doi.org/10.7910/DVN/MYDZNF
a000924,yes,NA,yes,NA,yes,NA,osf.io/j8zge
a000925,yes,NA,yes,NA,yes,NA,doi.org/10.7910/DVN/TJ1ZXX
a000926,yes,NA,yes,NA,yes,NA,doi.org/10.7910/DVN/J2FA5R
a000929,yes,NA,yes,NA,yes,NA,osf.io/nxrsj
a000930,yes,NA,yes,NA,yes,NA,osf.io/ujpyn
a000931,yes,NA,yes,NA,yes,NA,osf.io/9bsa7
a000932,yes,NA,yes,NA,yes,NA,dataverse.harvard.edu/dataverse/laughterperception
a000933,yes,NA,yes,NA,yes,NA,doi.org/10.5683/SP/OQDRJG
a000934,yes,NA,yes,NA,yes,NA,osf.io/j479p
a000935,yes,NA,yes,NA,yes,NA,osf.io/pg9ca
a000936,yes,NA,yes,NA,yes,NA,osf.io/7rajd
a000937,yes,NA,yes,NA,yes,NA,osf.io/7p896
a000938,yes,NA,yes,NA,yes,NA,osf.io/u8h5e
a000939,yes,NA,yes,NA,yes,NA,osf.io/gdyu4
a000940,yes,NA,yes,NA,yes,NA,osf.io/ea99d
a000941,yes,NA,yes,NA,yes,NA,osf.io/abq5f
a000942,yes,NA,yes,NA,yes,NA,zenodo.org/record/3260451?token=eyJhbGciOiJIUzUxMiIsImV4cCI6MTU2NDY5Njc5OSwiaWF0IjoxNTYyMDYwOTk2fQ.eyJkYXRhIjp7InJlY2lkIjozMjYwNDUxfSwiaWQiOjMzMzUsInJuZCI6ImFjZGU4N2JiIn0.QMXB0Y2gQu583IAgnmt_UrOn97TQUDWASIlMdMMAYZLyOxXPn1CSvdZnRan08LFfDqEfDtjFzk9IOSogj
a000942,yes,NA,yes,NA,yes,NA,zenodo.org/record/3260668?token=eyJhbGciOiJIUzUxMiIsImV4cCI6MTU2NDc4MzE5OSwiaWF0IjoxNTYyMTQ1NDA0fQ.eyJkYXRhIjp7InJlY2lkIjozMjYwNjY4fSwiaWQiOjMzNDIsInJuZCI6IjNjMTFlZWQwIn0.EXvZRFcHpIiYua7_zS5hIvmOKAYvqyAK4TWZa72nJ1l6WVAajRvLjcZchcCQ1A6qbm2PBmVJyeB5lni7k
a000942,yes,NA,yes,NA,yes,NA,zenodo.org/record/3260735?token=eyJhbGciOiJIUzUxMiIsImV4cCI6MTU2NDc4MzE5OSwiaWF0IjoxNTYyMTQ1OTAyfQ.eyJkYXRhIjp7InJlY2lkIjozMjYwNzM1fSwiaWQiOjMzNDQsInJuZCI6ImM5YzM0NTE0In0.TkJoCSOtJPo9E0vHV_EKnlYtBplQPtWlMM6yVjLKTNOsIRZP_uqWBHlpwsEKtQ3VtRbDkKnQ79o1ZgnM_
a000942,yes,NA,yes,NA,yes,NA,zenodo.org/record/3264892?token=eyJhbGciOiJIUzUxMiIsImV4cCI6MTU2NDc4MzE5OSwiaWF0IjoxNTYyMTQ1OTE2fQ.eyJkYXRhIjp7InJlY2lkIjozMjY0ODkyfSwiaWQiOjMzNDUsInJuZCI6ImY1Mjg0MTg5In0.JgAatYQMFqETsYekePqDIE_dUDhj5h63EZ8idy0iYgaSl5RcCerHtK3LKSzH660NMI1qXFPpF5A2khkgV
a000942,yes,NA,yes,NA,yes,NA,zenodo.org/record/3264896?token=eyJhbGciOiJIUzUxMiIsImV4cCI6MTU2NDc4MzE5OSwiaWF0IjoxNTYyMTQ1ODkxfQ.eyJkYXRhIjp7InJlY2lkIjozMjY0ODk2fSwiaWQiOjMzNDMsInJuZCI6IjM3ZTFmNWNiIn0.DjqnMLpuJ-rhm7f0jUguzOjrxGXOD2uOwY3BtcBPmBbgqCwT8Xx13wt1vvbcMd4ozYQO5Y7HKuoNwAJqp
a000943,yes,NA,yes,NA,yes,NA,doi.org/10.7910/DVN/R3GZZW
a000944,yes,NA,yes,NA,yes,NA,osf.io/hp2wx
a000945,yes,NA,yes,NA,yes,NA,dataverse.harvard.edu/dataset.xhtml?persistentId=doi:10.7910/DVN/GGDUND
a000946,yes,NA,yes,NA,yes,NA,osf.io/hd6fw
a000947,yes,NA,yes,NA,yes,NA,osf.io/4492y
a000948,yes,NA,yes,NA,yes,NA,osf.io/677jr
a000949,yes,NA,yes,NA,yes,NA,osf.io/r6idy
a000950,yes,NA,yes,NA,yes,NA,osf.io/32tsq
a000951,yes,NA,yes,NA,yes,NA,dx.doi.org/10.5284/1034389
a000952,yes,NA,no,NA,yes,NA,doi.org/10.1016/j.jrp.2018.04.007
a000954,yes,NA,yes,NA,yes,NA,doi.org/10.7910/DVN/2VF2J0
a000955,yes,NA,yes,NA,yes,NA,www.icpsr.umich.edu/icpsrweb/ICPSR/series/203/studies?archive=ICPSR&sortBy=7
a000957,yes,NA,yes,NA,yes,NA,osf.io/3wz2j
a000958,yes,NA,yes,NA,yes,NA,doi.org/10.7910/DVN/XKC4R4
a000959,yes,NA,yes,NA,yes,NA,doi.org/10.5281/zenodo.1184869
a000960,yes,NA,yes,NA,yes,NA,osf.io/f2n7c
a000961,yes,NA,other,"The link to data is part of the ""Acknowledgments"" section, at the very end - but the link is directly above where the badges have been placed, so the link is adjacent to the badges without being an explicit, separate data availability statement.",yes,NA,osf.io/zwrxc
a000962,yes,NA,yes,NA,yes,NA,osf.io/qch87
a000963,yes,NA,yes,NA,yes,NA,osf.io/wnu9f
a000964,yes,NA,yes,NA,yes,NA,osf.io/s5pv8
a000965,yes,NA,yes,NA,yes,NA,osf.io/b45ne
a000965,yes,NA,yes,NA,yes,NA,osf.io/b6n8t
a000965,yes,NA,yes,NA,yes,NA,osf.io/et9zk
a000965,yes,NA,yes,NA,yes,NA,osf.io/fs67k
a000965,yes,NA,yes,NA,yes,NA,osf.io/wfh5j
a000965,yes,NA,yes,NA,yes,NA,osf.io/z6ts7
a000966,yes,NA,yes,NA,yes,NA,osf.io/hr7vx
a000967,yes,NA,yes,NA,yes,NA,doi.org/10.17605/OSF.IO/3R2QY
a000968,yes,NA,yes,NA,yes,NA,osf.io/gsxr6
a000969,yes,NA,yes,NA,yes,NA,osf.io/fyrq8
a000970,yes,NA,yes,NA,yes,NA,osf.io/zgq7m
a000971,yes,NA,yes,NA,yes,NA,osf.io/9dbsa
a000971,yes,NA,yes,NA,yes,NA,osf.io/nkfjy
a000973,yes,NA,yes,NA,yes,NA,dx.doi.org/10.7910/DVN/F9ICHH
a000973,yes,NA,yes,NA,yes,NA,github.com/SMAPPNYU/echo_chambers
a000974,yes,NA,yes,NA,yes,NA,osf.io/xscvw
a000976,yes,NA,yes,NA,yes,NA,osf.io/3jhr7
a000977,yes,NA,yes,NA,yes,NA,osf.io/45mxw
a000979,yes,NA,yes,NA,yes,NA,osf.io/aj2fx
a000980,yes,NA,no,NA,no,NA,NA
a000981,yes,NA,yes,NA,yes,NA,dx.doi.org/10.7910/DVN/WOI8EU
a000982,yes,NA,yes,NA,yes,NA,dx.doi.org/10.7910/DVN/LZGQOH
a000983,yes,NA,no,NA,yes,NA,osf.io/5kpbj
a000984,yes,NA,yes,NA,yes,NA,osf.io/b247s
a000986,yes,NA,yes,NA,yes,NA,osf.io/t26xq
a000988,yes,NA,yes,NA,yes,NA,osf.io/n8wg4/?view_only=55de4fda913d450899e95c3052dcf79b
a000989,yes,NA,yes,NA,yes,NA,osf.io/73e54
a000990,yes,NA,yes,NA,yes,NA,thedata.harvard.edu/dvn/dv/communication
a000991,yes,NA,yes,NA,yes,NA,osf.io/4rmnv
a000992,yes,NA,yes,NA,yes,NA,osf.io/873fp
a000993,yes,NA,yes,NA,yes,NA,osf.io/72b89
a000996,yes,NA,no,NA,yes,NA,doi.org/10.1016/j.cortex.2019.08.018
a000997,yes,NA,yes,NA,yes,NA,osf.io/xmnyq
a000998,yes,NA,yes,NA,yes,NA,github.com/connorjmccabe/InterActive
a001000,yes,NA,yes,NA,yes,NA,osf.io/54skn/files
a001001,yes,NA,yes,NA,yes,NA,osf.io/ietwv
a001003,yes,NA,yes,NA,yes,NA,osf.io/dp2aq
a001004,yes,NA,yes,NA,yes,NA,osf.io/d3xb7
a001005,yes,NA,yes,NA,yes,NA,osf.io/x8bv9/%20DOI%2010.17605/OSF.IO/X8BV9
a001006,yes,NA,yes,NA,yes,NA,osf.io/yq5jw
a001007,yes,NA,yes,NA,yes,NA,osf.io/m64ue
a001008,yes,NA,yes,NA,yes,NA,osf.io/9e3a9
a001009,yes,NA,yes,NA,yes,NA,osf.io/4chuy
a001010,yes,NA,yes,NA,yes,NA,DOI 10.17605/OSF.IO/EKV2D
a001011,yes,NA,yes,NA,yes,NA,doi.org/10.7910/DVN/SBOMZD
a001013,yes,NA,yes,NA,yes,NA,osf.io/ebhku
a001014,yes,NA,yes,NA,yes,NA,osf.io/j7hdm
a001015,yes,NA,yes,NA,yes,NA,osf.io/9e5au
a001016,yes,NA,no,NA,other,Links are on journal web page for article not in PDF,data.mendeley.com/datasets/46ynjsp243/1
a001016,yes,NA,no,NA,other,Links are on journal web page for article not in PDF,data.mendeley.com/datasets/hv7mxpct6f/3
a001017,yes,NA,yes,NA,yes,NA,doi.org/10.1016/j.jesp.2018.03.014
a001018,yes,NA,yes,NA,yes,NA,osf.io/8xg6m
a001020,yes,NA,yes,NA,yes,NA,osf.io/rh8pv
a001023,yes,NA,yes,NA,yes,NA,osf.io/eky4s
a001024,yes,NA,yes,NA,yes,NA,osf.io/9zpaj
a001025,yes,NA,yes,NA,yes,NA,doi.org/10.17605/OSF.IO/DZN3S
a001025,yes,NA,yes,NA,yes,NA,osf.io/h2xry
a001026,yes,NA,yes,NA,yes,NA,osf.io/wc3sj
a001027,yes,NA,yes,NA,yes,NA,doi.org/10.3886/ICPSR04652.v6
a001027,yes,NA,yes,NA,yes,NA,midus.colectica.org
a001028,yes,NA,yes,NA,yes,NA,osf.io/yb9cv
a001029,yes,NA,yes,NA,yes,NA,osf.io/craky
a001030,yes,NA,yes,NA,yes,NA,osf.io/wytek
a001031,yes,NA,yes,NA,yes,NA,osf.io/tv8ai
a001033,yes,NA,yes,NA,yes,NA,osf.io/bpj7m
a001034,yes,NA,yes,NA,yes,NA,osf.io/9mjtz
a001035,yes,NA,yes,NA,yes,NA,osf.io/g3dfy
a001036,yes,NA,yes,NA,yes,NA,osf.io/zxp9k
a001037,yes,NA,yes,NA,yes,NA,www.doi.org/10.17605/OSF.IO/R7CXZ
a001039,yes,NA,yes,NA,yes,NA,doi.org/10.7910/DVN/RYVAL1
a001040,yes,NA,yes,NA,yes,NA,osf.io/yw7d9
a001041,yes,NA,yes,NA,yes,NA,osf.io/bvjny
a001041,yes,NA,yes,NA,yes,NA,osf.io/z53m4
a001043,yes,NA,yes,NA,yes,NA,osf.io/4vk5x
a001044,yes,NA,yes,NA,yes,NA,osf.io/qwa42/view_only=b6377f9def604d7faa4977fc9264580d
a001045,yes,NA,yes,NA,yes,NA,osf.io/vgmjs
a001047,yes,NA,yes,NA,yes,NA,osf.io/tyjpc
a001048,yes,NA,yes,NA,yes,NA,osf.io/uw2t2
a001049,yes,NA,yes,NA,yes,NA,dx.doi.org/10.7910/DVN/X88LYH
a001050,yes,NA,yes,NA,yes,NA,osf.io/6yhmp
a001051,yes,NA,no,NA,no,NA,NA
a001052,yes,NA,yes,NA,yes,NA,osf.io/735ru
a001053,yes,NA,yes,NA,yes,NA,doi.org/10.7910/DVN/JNEQYJ
a001055,yes,NA,yes,NA,yes,NA,osf.io/vk4hp
a001056,yes,NA,yes,NA,yes,NA,osf.io/9fdhb
a001057,yes,NA,yes,NA,yes,NA,doi:10.7910/DVN/FMJDCD
a001058,yes,NA,yes,NA,yes,NA,osf.io/8wtae
a001059,yes,NA,yes,NA,yes,NA,osf.io/8j7ub
a001060,yes,NA,yes,NA,yes,NA,figshare.com/s/18a543c101a17a1d5560
a001062,yes,NA,yes,NA,yes,NA,datadryad.org/resource/doi:10.5061/dryad.g7b40
a001063,yes,NA,yes,NA,yes,NA,doi.org/10.7910/DVN/KGIBK5
a001066,yes,NA,yes,NA,yes,NA,reshare.ukdataservice.ac.uk/852127
a001067,yes,NA,other,"Each study has a section within the body of the text called ""Open Science"" which includes the links, but they are easy to miss - no special statement at start or end",yes,NA,osf.io/bdev3
a001067,yes,NA,other,"Each study has a section within the body of the text called ""Open Science"" which includes the links, but they are easy to miss - no special statement at start or end",yes,NA,osf.io/v6z53
a001067,yes,NA,other,"Each study has a section within the body of the text called ""Open Science"" which includes the links, but they are easy to miss - no special statement at start or end",yes,NA,osf.io/yuv2m
a001067,yes,NA,other,"Each study has a section within the body of the text called ""Open Science"" which includes the links, but they are easy to miss - no special statement at start or end",yes,NA,osf.io/zf2dp
a001068,yes,NA,yes,NA,yes,NA,osf.io/qek97
a001069,yes,NA,yes,NA,yes,NA,osf.io/m3neh
a001070,yes,NA,yes,NA,yes,NA,osf.io/q6gbw
a001071,yes,NA,yes,NA,yes,NA,osf.io/gjp53
a001072,yes,NA,yes,NA,yes,NA,osf.io/pe5d7
a001073,yes,NA,yes,NA,yes,NA,doi.org/10.17882/56796
a001076,yes,NA,yes,NA,yes,NA,osf.io/a63ez
a001081,yes,NA,yes,NA,yes,NA,osf.io/ptmqx
a001082,yes,NA,yes,NA,yes,NA,osf.io/m3x2b
a001083,yes,NA,yes,NA,yes,NA,doi.org/10.3886/ICPSR04652.v7
a001083,yes,NA,yes,NA,yes,NA,doi.org/10.3886/ICPSR36346.v7
a001084,yes,NA,yes,NA,yes,NA,doi.org/10.7910/DVN/O6VHZZ
a001085,yes,NA,yes,NA,yes,NA,osf.io/5tfzh
a001086,yes,NA,yes,NA,yes,NA,figshare.com/articles/Fictional_First_Memories/6115676
a001087,yes,NA,yes,NA,yes,NA,osf.io/cmw75
a001087,yes,NA,yes,NA,yes,NA,osf.io/uxtq2
a001088,yes,NA,yes,NA,yes,NA,osf.io/fy5dk
a001091,yes,NA,yes,NA,yes,NA,osf.io/tu3nm
a001092,yes,NA,yes,NA,yes,NA,doi.org/10.7910/DVN/TR4OUK
a001093,yes,NA,no,NA,yes,NA,osf.io/nmydf
a001094,yes,NA,yes,NA,yes,NA,osf.io/fpdbh
a001100,yes,NA,yes,NA,yes,NA,madata.bib.uni-mannheim.de/266
a001102,yes,NA,yes,NA,yes,NA,osf.io/a3c8h
a001103,yes,NA,yes,NA,yes,NA,osf.io/qenhu/?view_only=a214ad4886e64dcf8a57048fbde1dfbb
a001104,yes,NA,yes,NA,yes,NA,bit.ly/2ljvoKP
a001106,yes,NA,yes,NA,yes,NA,osf.io/pfjsd
a001107,yes,NA,yes,NA,yes,NA,doi.org/10.7910/DVN/FTFJTV
a001109,yes,NA,yes,NA,yes,NA,osf.io/mcvt7/wiki/home
a001110,yes,NA,yes,NA,yes,NA,osf.io/pfh6r
a001111,yes,NA,yes,NA,yes,NA,hdl.handle.net/1959.13/1387620
a001112,yes,NA,yes,NA,yes,NA,osf.io/n2kxa
a001113,yes,NA,yes,NA,yes,NA,doi.org/10.5160/psychdata.zrce16dy99
a001113,yes,NA,yes,NA,yes,NA,osf.io/b8pu6
a001114,yes,NA,yes,NA,yes,NA,osf.io/axphc
a001115,yes,NA,yes,NA,yes,NA,osf.io/g2t36
a001116,yes,NA,yes,NA,yes,NA,cancercontrol.cancer.gov/brp/hbrb/flashe.html
a001116,yes,NA,yes,NA,yes,NA,osf.io/x3jav
a001118,yes,NA,yes,NA,yes,NA,osf.io/x6t4e
a001119,yes,NA,yes,NA,yes,NA,osf.io/bbf3c
a001121,yes,NA,yes,NA,yes,NA,iris-database.org
a001121,yes,NA,yes,NA,yes,NA,osf.io/97kur
a001122,yes,NA,yes,NA,yes,NA,doi.org/10.7910/DVN/4XI0UG
a001124,yes,NA,yes,NA,yes,NA,osf.io/r35tf
a001125,yes,NA,yes,NA,other,Links are on journal web page for article not in PDF,data.mendeley.com/datasets/k29ty5nh48/1
a001127,yes,NA,yes,NA,yes,NA,osf.io/pxk8z
a001129,yes,NA,yes,NA,yes,NA,osf.io/7pw8r
a001131,yes,NA,yes,NA,yes,NA,github.com/carlsonrw/layTheories_altruism
a001132,yes,NA,yes,NA,yes,NA,osf.io/9z3nw
a001134,yes,NA,yes,NA,yes,NA,osf.io/e5r6f
a001135,yes,NA,yes,NA,yes,NA,dx.doi.org/10.7910/DVN/26134
a001138,yes,NA,yes,NA,yes,NA,osf.io/pdy6b
a001138,yes,NA,yes,NA,yes,NA,osf.io/project/s3chz/files/osfstorage/58920befb83f6901f40f7ec4
a001138,yes,NA,yes,NA,yes,NA,osf.io/traf4
a001139,yes,NA,yes,NA,yes,NA,doi.org/10.5281/zenodo.1186639
a001140,yes,NA,yes,NA,yes,NA,osf.io/t28bw
a001142,yes,NA,yes,NA,yes,NA,osf.io/c2gaf
a001144,yes,NA,yes,NA,yes,NA,dataverse.harvard.edu/dataset.xhtml?persistentId=doi:10.7910/DVN/QG1DCI
a001146,yes,NA,yes,NA,yes,NA,osf.io/zhf98
a001147,yes,NA,yes,NA,yes,NA,dataverse.harvard.edu/dataset.xhtml?id=3037337
a001148,yes,NA,yes,NA,yes,NA,doi.org/10.7910/DVN/WKJJ3Z
a001149,yes,NA,yes,NA,other,Article contains both links and provides accession numbers to data resources without hyperlinks,DDBJ database accession no. DRP005397
a001149,yes,NA,yes,NA,other,Article contains both links and provides accession numbers to data resources without hyperlinks,www.irisdatabase.org/iris/app/home/detail?id=york:934328
a001150,yes,NA,yes,NA,yes,NA,osf.io/g6x7f/?view_only=a780cde9131745bebce281fcd0029a9c
a001151,yes,NA,yes,NA,yes,NA,osf.io/79sqe
a001152,yes,NA,yes,NA,yes,NA,osf.io/sbntf?view_only=12aeec9cda114f6eb138064f6c45aefe
a001154,yes,NA,yes,NA,no,NA,NA
a001155,yes,NA,yes,NA,yes,NA,osf.io/2bvt8
a001155,yes,NA,yes,NA,yes,NA,osf.io/zp76h
a001157,yes,NA,yes,NA,yes,NA,osf.io/y3kzd
a001158,yes,NA,yes,NA,yes,NA,osf.io/75mau
a001160,yes,NA,yes,NA,yes,NA,osf.io/9KXM4
a001161,yes,NA,yes,NA,yes,NA,osf.io/ckwjx
a001163,yes,NA,yes,NA,yes,NA,dx.doi.org/10.5284/1021668
a001166,yes,NA,yes,NA,yes,NA,doi.org/10.7910/DVN/PGCVDP
a001168,yes,NA,yes,NA,yes,NA,osf.io/rs32a/?view_only=1b0901ea36124e2998fe5511bee58c02
a001170,yes,NA,yes,NA,yes,NA,osf.io/mxf5w
a001171,yes,NA,yes,NA,yes,NA,osf.io/d9jfz
a001173,yes,NA,yes,NA,yes,NA,dx.doi.org/10.7910/DVN/S9MIJU
a001176,yes,NA,yes,NA,yes,NA,dataverse.harvard.edu/dataverse/AgreementIndiff
a001178,yes,NA,yes,NA,yes,NA,osf.io/t2856
a001179,yes,NA,yes,NA,yes,NA,osf.io/9mdxw/?view_only=976405fbcdb94ba4bdf1988684ad92bf
a001180,yes,NA,yes,NA,yes,NA,osf.io/he8s7
a001181,yes,NA,yes,NA,yes,NA,osf.io/zpm9t
a001183,yes,NA,yes,NA,yes,NA,osf.io/3nkeh
a001184,yes,NA,yes,NA,yes,NA,osf.io/xg5rj/wiki/home
a001185,yes,NA,yes,NA,yes,NA,osf.io/g59s2
a001186,yes,NA,yes,NA,yes,NA,midus.colectica.org
a001187,yes,NA,yes,NA,yes,NA,osf.io/bw8sz
a001188,yes,NA,yes,NA,yes,NA,osf.io/z69fs
a001190,yes,NA,yes,NA,yes,NA,osf.io/98ta4
a001191,yes,NA,yes,NA,yes,NA,doi.pangaea.de/10.1594/PANGAEA.903123
a001194,yes,NA,yes,NA,yes,NA,osf.io/zucn5
a001195,yes,NA,yes,NA,yes,NA,iris-database.org/iris/app/home/detail?id=york:934337
a001196,yes,NA,yes,NA,yes,NA,osf.io/rdfm3
a001197,yes,NA,yes,NA,yes,NA,osf.io/re48w
a001198,yes,NA,yes,NA,yes,NA,osf.io/qqq82
a001200,yes,NA,yes,NA,yes,NA,osf.io/5ybej
a001201,yes,NA,yes,NA,yes,NA,osf.io/9gyvd
a001202,yes,NA,yes,NA,yes,NA,doi.org/10.17605/OSF.IO/UXYCH
a001206,yes,NA,yes,NA,yes,NA,doi.org/10.7910/DVN/6IOACK
a001211,yes,NA,yes,NA,yes,NA,doi.org/10.7910/DVN/PL2XFD
a001214,yes,NA,yes,NA,yes,NA,doi.org/10.7910/DVN/ZYRC8S
a001215,yes,NA,yes,NA,yes,NA,iris-database.org
a001215,yes,NA,yes,NA,yes,NA,osf.io/gwk45
a001216,yes,NA,yes,NA,yes,NA,osf.io/ydnfe
a001217,yes,NA,yes,NA,yes,NA,osf.io/hd42c
a001219,yes,NA,yes,NA,yes,NA,osf.io/ngm4h
a001220,yes,NA,yes,NA,yes,NA,osf.io/jmiwn
a001221,yes,NA,yes,NA,yes,NA,doi.org/10.7910/DVN/BAG0DS
a001223,yes,NA,yes,NA,yes,NA,osf.io/tde3r
a001224,yes,NA,yes,NA,yes,NA,osf.io/2ngs9/registrations
a001225,yes,NA,yes,NA,yes,NA,doi.org/10.7910/DVN/I1HVCJ
a001226,yes,NA,yes,NA,yes,NA,osf.io/nzp8t
a001227,yes,NA,yes,NA,yes,NA,osf.io/atx26
a001228,yes,NA,yes,NA,yes,NA,osf.io/6htsx
a001229,yes,NA,yes,NA,yes,NA,osf.io/vqke2
a001231,yes,NA,yes,NA,yes,NA,osf.io/esw34
a001232,yes,NA,yes,NA,yes,NA,osf.io/bnsqw
a001233,yes,NA,yes,NA,yes,NA,doi.org/10.7910/DVN/TVZQG6
a001234,yes,NA,yes,NA,yes,NA,osf.io/j2rwc/?view_only=77b87eac2bf4418c9f3efcc9db9a63cd
a001234,yes,NA,yes,NA,yes,NA,osf.io/s63tp/?view_only=4aada77c39414fd9bc0c7cfe705a2af6
a001235,yes,NA,yes,NA,yes,NA,osf.io/49rmq
a001238,yes,NA,yes,NA,yes,NA,osf.io/ut382
a001239,yes,NA,yes,NA,yes,NA,osf.io/dux3n
a001239,yes,NA,yes,NA,yes,NA,osf.io/dux3n/?view_only=452552239590486e8793e573f6e8911a
a001240,yes,NA,yes,NA,yes,NA,osf.io/v36a6
a001243,yes,NA,yes,NA,yes,NA,osf.io/nfh28
a001244,yes,NA,yes,NA,yes,NA,osf.io/5cfj6
a001245,yes,NA,yes,NA,yes,NA,doi.org/10.7910/DVN/OOIEAO
a001246,yes,NA,yes,NA,yes,NA,osf.io/e5bvj
a001247,yes,NA,yes,NA,yes,NA,iris-database.org
a001248,yes,NA,yes,NA,yes,NA,doi.org/10.7910/DVN/STXADQ
a001249,yes,NA,yes,NA,yes,NA,osf.io/wpf7t
a001250,yes,NA,yes,NA,yes,NA,dbk.gesis.org/DBKSearch/SDesc2.asp?no=6701
a001250,yes,NA,yes,NA,yes,NA,osf.io/wk9rp
a001252,yes,NA,yes,NA,yes,NA,osf.io/jfxtr
a001253,yes,NA,yes,NA,yes,NA,osf.io/4a6jk
a001257,yes,NA,yes,NA,yes,NA,dx.doi.org/10.7910/DVN/VT4KJA
a001258,yes,NA,yes,NA,yes,NA,osf.io/c5bmm
a001259,yes,NA,yes,NA,yes,NA,osf.io/rstc5
a001260,yes,NA,yes,NA,yes,NA,osf.io/3cmz4
a001261,yes,NA,yes,NA,yes,NA,osf.io/849kq
a001263,yes,NA,yes,NA,yes,NA,osf.io/tfwum/?view_only=0cc13036c196453d940a4dafc35b715c
a001264,yes,NA,yes,NA,yes,NA,osf.io/5kbx6
a001265,yes,NA,no,NA,other,Online article has direct links to files,intarch.ac.uk/journal/issue45/4/TerrainCoefficientDataTable.csv
a001265,yes,NA,no,NA,other,Online article has direct links to files,intarch.ac.uk/journal/issue45/4/TerrainCoefficientDataTable.xlsx
a001266,yes,NA,yes,NA,yes,NA,doi.org/10.7910/DVN/QO6EMT
a001268,yes,NA,no,NA,yes,NA,osf.io/cky7g
a001270,yes,NA,yes,NA,yes,NA,doi.org/10.7910/DVN/2E2M9Z
a001273,yes,NA,yes,NA,yes,NA,archaeologydataservice.ac.uk/archives/view/accord_ahrc_2015
a001274,yes,NA,yes,NA,yes,NA,psy.fsu.edu/~catlab/alienssoa_pub/index.php
a001275,yes,NA,yes,NA,yes,NA,osf.io/dxvrq
a001277,yes,NA,yes,NA,yes,NA,osf.io/45gch
a001278,yes,NA,yes,NA,yes,NA,osf.io/bifc7
a001279,yes,NA,yes,NA,yes,NA,doi.org/10.7910/DVN/YWZBUJ
a001280,yes,NA,yes,NA,yes,NA,osf.io/cxc6f
a001281,yes,NA,yes,NA,yes,NA,doi.org/10.7910/DVN/H13U6G
a001283,yes,NA,yes,NA,yes,NA,osf.io/uk5c7
a001284,yes,NA,yes,NA,yes,NA,osf.io/dqgep
a001285,yes,NA,yes,NA,yes,NA,github.com/rnorouzian/i/blob/master/i.r
a001285,yes,NA,yes,NA,yes,NA,iris-database.org
a001285,yes,NA,yes,NA,yes,NA,osf.io/jxd47
a001286,yes,NA,yes,NA,yes,NA,osf.io/4vx3z
a001287,yes,NA,yes,NA,yes,NA,doi.org/10.7910/DVN/ROLEY5
a001288,yes,NA,yes,NA,yes,NA,dx.doi.org/10.17617/3.2v
a001289,yes,NA,yes,NA,yes,NA,doi.org/10.7910/DVN/JQEUBQ
a001290,yes,NA,yes,NA,yes,NA,osf.io/rsf86/?view_only=06347220b77940638f75e961edd10805
a001290,yes,NA,yes,NA,yes,NA,osf.io/wqr73
a001291,yes,NA,yes,NA,yes,NA,osf.io/wgeum
a001293,yes,NA,yes,NA,yes,NA,doi.org/10.14284/329
a001293,yes,NA,yes,NA,yes,NA,doi.org/10.14284/PANGAEA.329
a001294,yes,NA,yes,NA,yes,NA,osf.io/8juyc
a001295,yes,NA,yes,NA,yes,NA,osf.io/v8aih
a001296,yes,NA,yes,NA,yes,NA,iris-database.org
a001297,yes,NA,yes,NA,yes,NA,dataverse.harvard.edu/dataset.xhtml?persistentId=doi:10.7910/DVN/OE9BNP
a001298,yes,NA,yes,NA,yes,NA,osf.io/sd76g
a001301,yes,NA,yes,NA,yes,NA,doi.org/10.7910/DVN/RXXQSQ
a001302,yes,NA,yes,NA,yes,NA,doi:10.7910/DVN/BXXWWW
a001303,yes,NA,yes,NA,yes,NA,osf.io/4exy7
a001305,yes,NA,yes,NA,yes,NA,osf.io/q4n2b
a001306,yes,NA,yes,NA,yes,NA,doi.org/10.7910/DVN/ZSJA25
a001308,yes,NA,yes,NA,yes,NA,osf.io/wki3y
a001309,yes,NA,yes,NA,yes,NA,osf.io/chm94
a001310,yes,NA,yes,NA,yes,NA,osf.io/27gwb
a001311,yes,NA,yes,NA,yes,NA,osf.io/4r9zs
a001313,yes,NA,yes,NA,yes,NA,osf.io/uqh5d
a001314,yes,NA,yes,NA,yes,NA,osf.io/vjacn
a001316,yes,NA,yes,NA,yes,NA,osf.io/9cmxw
a001317,yes,NA,yes,NA,yes,NA,osf.io/j25fh
a001318,yes,NA,yes,NA,yes,NA,figshare.com/articles/NPQIP_final_analysis_set/5375275/1
a001319,yes,NA,yes,NA,yes,NA,doi.org/10.7910/DVN/3DK6JA
a001320,yes,NA,yes,NA,yes,NA,osf.io/4e7h9
a001321,yes,NA,yes,NA,yes,NA,osf.io/dmbkw
a001326,yes,NA,yes,NA,yes,NA,osf.io/5tus8
a001327,yes,NA,yes,NA,yes,NA,osf.io/fgn9y
a001328,yes,NA,yes,NA,yes,NA,osf.io/mgbck
a001329,yes,NA,other,Appendix A states that supplementary data is available on journal website but the actual link to the shared data is in the body of the article.,yes,NA,osf.io/rkae4
a001330,yes,NA,yes,NA,yes,NA,osf.io/s6p9v
a001331,yes,NA,yes,NA,yes,NA,osf.io/27h68
a001332,yes,NA,yes,NA,yes,NA,osf.io/68MES
a001333,yes,NA,yes,NA,yes,NA,osf.io/mtsvy
a001334,yes,NA,yes,NA,yes,NA,osf.io/2dc4p
a001336,yes,NA,yes,NA,yes,NA,osf.io/m6p82
a001337,yes,NA,yes,NA,yes,NA,osf.io/reky2
a001338,yes,NA,yes,NA,yes,NA,osf.io/93m8y
a001340,yes,NA,yes,NA,yes,NA,figshare.com/projects/Effects_of_tDCS_over_posterior_parietal_cortex_on_episodic_memory_reconsolidation/64793
a001341,yes,NA,yes,NA,yes,NA,osf.io/kewpu
a001343,yes,NA,yes,NA,yes,NA,osf.io/xefc4
a001344,yes,NA,yes,NA,yes,NA,osf.io/9yxmh
a001345,yes,NA,yes,NA,yes,NA,osf.io/ugdnv
a001346,yes,NA,yes,NA,yes,NA,dx.doi.org/10.7910/DVN/FZI6NO
a001348,yes,NA,yes,NA,yes,NA,osf.io/nr24b
a001349,yes,NA,yes,NA,yes,NA,osf.io/rjdpc
a001350,yes,NA,yes,NA,yes,NA,osf.io/b956g
a001350,yes,NA,yes,NA,yes,NA,osf.io/vnkaz
a001351,yes,NA,yes,NA,yes,NA,osf.io/4kanr
a001352,yes,NA,yes,NA,yes,NA,osf.io/kwvu6
a001353,yes,NA,yes,NA,yes,NA,dataverse.harvard.edu/privateurl.xhtml?token=f8d2d590-6a8e-4df2-9dca-7e3f3813c78c
a001354,yes,NA,yes,NA,yes,NA,osf.io/nvq6t
a001355,yes,NA,yes,NA,yes,NA,osf.io/b3epc
a001356,yes,NA,no,NA,other,Online article has direct link to files,intarch.ac.uk/journal/issue52/3/glassdata.xls
a001358,yes,NA,yes,NA,yes,NA,osf.io/62wn9
a001359,yes,NA,yes,NA,no,NA,NA
a001360,yes,NA,yes,NA,yes,NA,osf.io/e3afr
a001361,yes,NA,yes,NA,yes,NA,osf.io/efjd6
a001362,yes,NA,yes,NA,yes,NA,osf.io/t79ca
a001368,yes,NA,yes,NA,yes,NA,dx.doi.org/10.7910/DVN/K6ZOOW
a001369,yes,NA,yes,NA,yes,NA,dataverse.harvard.edu/dataset.xhtml?persistentId=https://doi.org/10.7910/DVN/GSQG1K
a001370,yes,NA,yes,NA,yes,NA,osf.io/dq3w9
a001372,yes,NA,yes,NA,yes,NA,osf.io/rydzg
a001374,yes,NA,yes,NA,yes,NA,osf.io/9cndv
a001376,yes,NA,yes,NA,yes,NA,osf.io/txa5j
a001377,yes,NA,yes,NA,yes,NA,osf.io/j2g7t
a001378,yes,NA,yes,NA,yes,NA,osf.io/cbjps
a001379,yes,NA,yes,NA,yes,NA,osf.io/wkjp6
a001380,yes,NA,yes,NA,yes,NA,iris-database.org/iris/app/home/detail?id=york:935928&amp;ref=search
a001381,yes,NA,yes,NA,yes,NA,osf.io/npqgz
a001382,yes,NA,yes,NA,yes,NA,osf.io/zd2j9
a001385,yes,NA,yes,NA,yes,NA,osf.io/84zg3
a001386,yes,NA,yes,NA,yes,NA,osf.io/exp4n
a001387,yes,NA,yes,NA,yes,NA,osf.io/mytx9
a001388,yes,NA,yes,NA,yes,NA,osf.io/pwy9r
a001389,yes,NA,yes,NA,yes,NA,osf.io/hrzgs
a001390,yes,NA,yes,NA,yes,NA,osf.io/93cvs
a001391,yes,NA,yes,NA,yes,NA,osf.io/2nj9h
a001392,yes,NA,yes,NA,yes,NA,osf.io/jxf5q
a001393,yes,NA,yes,NA,yes,NA,osf.io/s5rfu
a001394,yes,NA,yes,NA,other,Article mentions that data is available as supporting materials and has link to web page for article,ars.els-cdn.com/content/image/1-s2.0-S0092656617301095-mmc6.zip
a001394,yes,NA,yes,NA,other,Article mentions that data is available as supporting materials and has link to web page for article,ars.els-cdn.com/content/image/1-s2.0-S0092656617301095-mmc7.zip
a001395,yes,NA,yes,NA,yes,NA,osf.io/2pnu6
a001397,yes,NA,yes,NA,yes,NA,osf.io/236zg
a001398,yes,NA,yes,NA,yes,NA,dx.doi.org/10.7910/DVN/QTG6FQ
a001401,yes,NA,yes,NA,yes,NA,osf.io/yh7wu
a001404,yes,NA,yes,NA,yes,NA,osf.io/hw2ac
a001405,yes,NA,yes,NA,yes,NA,osf.io/mk73j
a001406,yes,NA,yes,NA,yes,NA,dx.doi.org/10.17632/7tj8hpmnmt.1
a001408,yes,NA,yes,NA,yes,NA,osf.io/rgsbj
a001411,yes,NA,yes,NA,yes,NA,osf.io/bqyhd
a001412,yes,NA,yes,NA,yes,NA,osf.io/u65by
a001414,yes,NA,yes,NA,yes,NA,doi.org/10.7910/DVN/XJQALC
a001415,yes,NA,yes,NA,yes,NA,osf.io/6j9aq
a001416,yes,NA,yes,NA,yes,NA,osf.io/24kvu
a001417,yes,NA,no,NA,yes,NA,osf.io/r2ujq/?view_only-c0f24616fffa4805b09b5f552c5a466e
a001418,yes,NA,yes,NA,yes,NA,github.com/abrowman/psm-jesp2017
a001420,yes,NA,yes,NA,yes,NA,doi.org/10.1016/j.jesp.2019.03.009
a001421,yes,NA,yes,NA,yes,NA,figshare.com/authors/Lorna_Richardson/606491
a001422,yes,NA,yes,NA,yes,NA,doi.org/10.5284/1052664
a001423,yes,NA,yes,NA,yes,NA,osf.io/6d3ry
a001425,yes,NA,yes,NA,yes,NA,osf.io/t7jjk
a001425,yes,NA,yes,NA,yes,NA,www.oecd.org/pisa/data/2015database
a001426,yes,NA,yes,NA,yes,NA,dx.doi.org/10.5285/2503df629a8a485e8582e5150876b210
a001428,yes,NA,yes,NA,yes,NA,osf.io/8eqtc
a001429,yes,NA,yes,NA,yes,NA,www.tessexperiments.org/data/ferrer825.html
a001430,yes,NA,yes,NA,yes,NA,data.mendeley.com/submissions/evise/edit/rh22h25sw7?submission_id=S0022-1031(17)30623-6&token=3639d213-5e0d-437d-af76-0023d5b2081a
a001430,yes,NA,yes,NA,yes,NA,doi.org/10.1016/j.jesp.2018.01.007
a001431,yes,NA,yes,NA,yes,NA,osf.io/dbgh6
a001432,yes,NA,yes,NA,yes,NA,osf.io/fkn8m
a001433,yes,NA,yes,NA,yes,NA,osf.io/8bjcs
a001434,yes,NA,other,"Contained within ""notes"", not standalone statement",yes,NA,osf.io/h6dwg
a001436,yes,NA,yes,NA,yes,NA,doi.org/10.7910/DVN/AT2FEZ
a001437,yes,NA,yes,NA,yes,NA,osf.io/2bfkt/?view_only=1fee156afa004d37ba3e48f189fba097
a001439,yes,NA,yes,NA,yes,NA,osf.io/ht3gk
a001440,yes,NA,yes,NA,yes,NA,dx.doi.org/10.7910/DVN/EBF7XW
a001441,yes,NA,yes,NA,yes,NA,osf.io/axnm6
a001443,yes,NA,yes,NA,yes,NA,doi.org/10.17863/CAM.7153;the
a001443,yes,NA,yes,NA,yes,NA,osf.io/7b9au
a001444,yes,NA,yes,NA,yes,NA,osf.io/cd893/?view_only=5c5dd4ed81cc497d9ee1cb383da909cf
a001445,yes,NA,yes,NA,yes,NA,osf.io/e2aks
a001447,yes,NA,yes,NA,yes,NA,doi.org/10.7910/DVN/ICISE4
a001448,yes,NA,yes,NA,yes,NA,osf.io/yfc5m
a001449,yes,NA,yes,NA,yes,NA,osf.io/34cd8
a001450,yes,NA,yes,NA,yes,NA,osf.io/u9tk8
a001452,yes,NA,yes,NA,yes,NA,osf.io/9b4y7
a001454,yes,NA,yes,NA,yes,NA,osf.io/mrt8f
a001455,yes,NA,yes,NA,yes,NA,dataverse.harvard.edu/dataset.xhtml?persistentId=doi:10.7910/DVN/BFSGZI
a001458,yes,NA,yes,NA,yes,NA,dx.doi.org/10.23668/psycharchives.790
a001459,yes,NA,yes,NA,yes,NA,doi.org/10.7910/DVN/EL6ZCZ
a001460,yes,NA,yes,NA,yes,NA,osf.io/b4nvf
a001463,yes,NA,yes,NA,yes,NA,DOI 10.17605/OSF.IO/KZ483
a001464,yes,NA,yes,NA,yes,NA,osf.io/h7s5j
a001465,yes,NA,yes,NA,yes,NA,osf.io/enuv3
a001466,yes,NA,yes,NA,yes,NA,osf.io/register/ https://osf.io/jpbnu/?view_only = 2ba7656345b94dacaf1210e8185a5967
a001467,yes,NA,yes,NA,yes,NA,osf.io/ng9k8
a001468,yes,NA,yes,NA,yes,NA,osf.io/nav9h
a001469,yes,NA,yes,NA,yes,NA,osf.io/fhegd
a001470,yes,NA,yes,NA,yes,NA,osf.io/waeqn
a001471,yes,NA,yes,NA,yes,NA,osf.io/92vsw/?view_only=f2b4c79786d9406fa75e7b54bc298eb4
a001472,yes,NA,yes,NA,yes,NA,openneuro.org/datasets/ds001838/versions/1.0.0
a001472,yes,NA,yes,NA,yes,NA,osf.io/buqcm
a001475,yes,NA,yes,NA,yes,NA,doi.org/10.7910/DVN/PB8X8P
a001476,yes,NA,yes,NA,yes,NA,figshare.com/s/0bfe19464337b17fb326
a001476,yes,NA,yes,NA,yes,NA,forscenter.ch/en/our-surveys/swiss-household-panel
a001476,yes,NA,yes,NA,yes,NA,www.worldvaluessurvey.org
a001477,yes,NA,yes,NA,yes,NA,osf.io/wqnnx
a001480,yes,NA,yes,NA,yes,NA,osf.io/qtb5u
a001481,yes,NA,yes,NA,yes,NA,zenodo.org/record/1217215
a001482,yes,NA,yes,NA,yes,NA,osf.io/7h6cy
a001485,yes,NA,no,NA,yes,NA,osf.io/xrk6j
a001486,yes,NA,yes,NA,yes,NA,osf.io/64nzg
a001487,yes,NA,yes,NA,yes,NA,doi.org/10.7910/DVN/LNUYXZ
a001488,yes,NA,yes,NA,yes,NA,osf.io/b4cqm
a001489,yes,NA,yes,NA,yes,NA,osf.io/akbfj
a001489,yes,NA,yes,NA,yes,NA,osf.io/kd8b3
a001490,yes,NA,yes,NA,yes,NA,osf.io
a001493,yes,NA,yes,NA,yes,NA,hrs.isr.umich.edu/documentation?_ga=2.27770172.1038497410.1542961645-2121603621.1539110961
a001493,yes,NA,yes,NA,yes,NA,hrsonline.isr.umich.edu/index.php?p=avail&_ga=2.193912365.1038497410.1542961645-2121603621.1539110961
a001493,yes,NA,yes,NA,yes,NA,osf.io/pn3vt
a001495,yes,NA,yes,NA,yes,NA,osf.io/5zimh
a001496,yes,NA,yes,NA,yes,NA,doi.org/10.7910/DVN/SRPTCV
a001497,yes,NA,yes,NA,yes,NA,osf.io/fitgz
a001499,yes,NA,yes,NA,yes,NA,osf.io/6b4ag
a001500,yes,NA,yes,NA,yes,NA,osf.io/mpf64
a001501,yes,NA,yes,NA,yes,NA,dx.doi.org/10.7910/DVN/DEMP8Q
a001502,yes,NA,yes,NA,yes,NA,osf.io/c6wm5
a001504,yes,NA,yes,NA,yes,NA,osf.io/djzh3
a001505,yes,NA,yes,NA,yes,NA,osf.io/5t6fs
a001506,yes,NA,yes,NA,yes,NA,osf.io/zg2su/files
a001507,yes,NA,yes,NA,yes,NA,osf.io/b69g8
a001509,yes,NA,yes,NA,yes,NA,doi.org/10.7910/DVN/GTXZ4J
a001511,yes,NA,yes,NA,yes,NA,osf.io/jqug4
a001512,yes,NA,yes,NA,yes,NA,ti-nyurl.com/zvgu6hh
a001512,yes,NA,yes,NA,yes,NA,tinyurl.com/hwmo9t6
a001514,yes,NA,yes,NA,yes,NA,osf.io/4UBJ8
a001514,yes,NA,yes,NA,yes,NA,osf.io/j479p
a001515,yes,NA,yes,NA,yes,NA,osf.io/w38qr
a001516,yes,NA,yes,NA,yes,NA,osf.io/ideta
a001517,yes,NA,yes,NA,yes,NA,doi.org/10.7910/DVN/YUM3K8
a001518,yes,NA,yes,NA,yes,NA,osf.io/fhmyb
a001519,yes,NA,yes,NA,yes,NA,osf.io/b9pkj
a001520,yes,NA,yes,NA,yes,NA,osf.io/84xut
a001522,yes,NA,yes,NA,yes,NA,osf.io/ws3j9
a001523,yes,NA,yes,NA,yes,NA,osf.io/5bpr7
a001524,yes,NA,yes,NA,yes,NA,doi.org/10.7910/DVN/XRJ43D
a001525,yes,NA,yes,NA,yes,NA,osf.io/d2wur
a001525,yes,NA,yes,NA,yes,NA,osf.io/yjer4
a001527,yes,NA,yes,NA,yes,NA,osf.io/x7kma
a001528,yes,NA,yes,NA,yes,NA,doi.org/10.7910/DVN/VJLVYU
a001529,yes,NA,yes,NA,yes,NA,doi.org/10.7910/DVN/B9SCDJ
a001531,yes,NA,yes,NA,yes,NA,osf.io/3hm4g
a001534,yes,NA,yes,NA,yes,NA,osf.io/aqkgt
a001536,yes,NA,yes,NA,yes,NA,osf.io/5ahzj
a001538,yes,NA,yes,NA,yes,NA,osf.io/ygzx3
a001539,yes,NA,yes,NA,yes,NA,github.com/BlackHershey/blink-TS
a001544,yes,NA,yes,NA,yes,NA,osf.io/jp8ew
a001545,yes,NA,yes,NA,yes,NA,journals.sagepub.com/doi/suppl/10.1177/0956797618761661
a001545,yes,NA,yes,NA,yes,NA,nces.ed.gov/ecls/dataproducts.asp
a001545,yes,NA,yes,NA,yes,NA,www.icpsr.umich.edu/icpsrweb/ICPSR/series/00233
a001547,yes,NA,yes,NA,yes,NA,osf.io/s92i4
a001548,yes,NA,yes,NA,yes,NA,doi.org/10.11922/sciencedb.642
a001551,yes,NA,yes,NA,yes,NA,osf.io/dnxfz
a001554,yes,NA,yes,NA,yes,NA,doi.org/10.7910/DVN/Y43XZR
a001556,yes,NA,yes,NA,yes,NA,doi.org/10.7910/DVN/WPVSMH
a001558,yes,NA,yes,NA,yes,NA,osf.io/4awze
a001559,yes,NA,yes,NA,yes,NA,doi.org/10.17605/osf.io/rq4fv
a001560,yes,NA,other,"No explit statement mentioning data, but contains the following (and link does contain data files): All stud-
ies were preregistered at the Open Science Framework and materials, power calculations, and hypotheses can be found at https://osf.io/nrbjz/",yes,NA,osf.io/nrbjz
a001561,yes,NA,yes,NA,yes,NA,dx.doi:10.7910/DVN/RSD5BV
a001563,yes,NA,yes,NA,yes,NA,osf.io/9uxve
a001564,yes,NA,yes,NA,yes,NA,osf.io/n9sd6
a001565,yes,NA,yes,NA,yes,NA,osf.io/kvb99
a001567,yes,NA,yes,NA,yes,NA,osf.io/6csnh
a001568,yes,NA,yes,NA,yes,NA,figshare.com/articles/The_Road_to_Bribery_and_Corruption/3849237
a001571,yes,NA,yes,NA,yes,NA,osf.io/4ef6t/?view_only=b6f868173bd14b81ad8e9bb73b71014d
a001572,yes,NA,yes,NA,yes,NA,osf.io/vq49b
a001573,yes,NA,yes,NA,yes,NA,osf.io/8g5fy
a001576,yes,NA,yes,NA,yes,NA,osf.io/vq4ak
a001577,yes,NA,yes,NA,yes,NA,github.com/martinjpratt/ZoomAntarctica
a001577,yes,NA,yes,NA,yes,NA,www.usap-dc.org/view/project/p0010035
a001578,yes,NA,yes,NA,yes,NA,osf.io/8cktf
a001579,yes,NA,yes,NA,yes,NA,osf.io/s4z32
a001582,yes,NA,yes,NA,yes,NA,osf.io/kcp9z
a001583,yes,NA,yes,NA,yes,NA,osf.io/wxc7b
a001584,yes,NA,yes,NA,yes,NA,doi.org/10.7910/DVN/8KNF3I
a001585,yes,NA,yes,NA,yes,NA,osf.io/3z8xa
a001586,yes,NA,yes,NA,yes,NA,osf.io/4e7hr
a001589,yes,NA,yes,NA,yes,NA,osf.io/knv6e/?view_only=00a0fed2ca434490ba087c12031239b0
a001590,yes,NA,yes,NA,yes,NA,doi.org/10.7910/DVN/XZFHCP
a001591,yes,NA,yes,NA,yes,NA,osf.io/5vy69/?view_only=23a8c0762ef64333b1eb605010d68934
a001593,yes,NA,yes,NA,yes,NA,osf.io/4tzv3
a001594,yes,NA,yes,NA,yes,NA,osf.io/nkgza
a001596,yes,NA,yes,NA,yes,NA,osf.io/tsyrj
a001597,yes,NA,yes,NA,yes,NA,osf.io/bjpe3
a001598,yes,NA,yes,NA,yes,NA,osf.io/yn5u8
a001599,yes,NA,yes,NA,yes,NA,doi.org/10.6078/M7CR5R8Z
a001601,yes,NA,yes,NA,yes,NA,osf.io/cjmr7/?view_only=61020c728b0845f7ac94c9d65ae9b6e3
a001602,yes,NA,yes,NA,yes,NA,doi.org/10.7910/DVN/PGGBB4
a001603,yes,NA,yes,NA,yes,NA,osf.io/e652h
a001604,yes,NA,yes,NA,yes,NA,data.mendeley.com/datasets/wynh7zs2rg/1
a001605,yes,NA,yes,NA,yes,NA,dx.doi.org/10.7910/DVN/STOQ1Q
a001606,yes,NA,yes,NA,yes,NA,osf.io/d2ytu
a001607,yes,NA,yes,NA,yes,NA,osf.io/bx59f
a001608,yes,NA,yes,NA,yes,NA,doi.org/10.7910/DVN/BZ9Z2D
a001609,yes,NA,yes,NA,yes,NA,doi.org/10.7910/DVN/AGIMGY
a001610,yes,NA,yes,NA,yes,NA,osf.io/8cwgx
a001611,yes,NA,yes,NA,yes,NA,osf.io/bdnqr
a001613,yes,NA,yes,NA,yes,NA,osf.io/4m2bq
a001614,yes,NA,yes,NA,yes,NA,dataverse.harvard.edu/dataset.xhtml?persistentId=doi:10.7910/DVN/MVGYWG
a001615,yes,NA,yes,NA,yes,NA,osf.io/vj9ts
a001618,yes,NA,yes,NA,yes,NA,doi.org/10.7910/DVN/8ZJBLI
a001619,yes,NA,yes,NA,yes,NA,osf.io/stv79
a001621,yes,NA,yes,NA,yes,NA,dx.doi.org/10.6084/m9.figshare.c.3468495.v2
a001622,yes,NA,yes,NA,yes,NA,osf.io/yiupc
a001623,yes,NA,yes,NA,yes,NA,osf.io/vjwsg
a001624,yes,NA,yes,NA,yes,NA,osf.io/xqvkb
a001627,yes,NA,yes,NA,yes,NA,doi.org/10.7910/DVN/QSXDUN
a001628,yes,NA,yes,NA,yes,NA,osf.io/7gy85
a001628,yes,NA,yes,NA,yes,NA,osf.io/bxj9d
a001633,yes,NA,yes,NA,yes,NA,osf.io/xz3ap
a001634,yes,NA,yes,NA,yes,NA,hrsonline.isr.umich.edu
a001634,yes,NA,yes,NA,yes,NA,midus.colectica.org
a001635,yes,NA,yes,NA,yes,NA,osf.io/psfwz
a001637,yes,NA,yes,NA,yes,NA,doi.org/10.7910/DVN/KYI9AR
a001639,yes,NA,yes,NA,yes,NA,osf.io/hekts
a001640,yes,NA,yes,NA,yes,NA,osf.io/t43sb
a001641,yes,NA,yes,NA,yes,NA,osf.io/2xg9u
a001642,yes,NA,yes,NA,yes,NA,osf.io/nquws/files
a001644,yes,NA,yes,NA,yes,NA,osf.io/f54qe
a001645,yes,NA,yes,NA,yes,NA,osf.io/bpwf8
a001646,yes,NA,yes,NA,yes,NA,osf.io/83v4u
a001647,yes,NA,yes,NA,yes,NA,osf.io/vhcu8
a001648,yes,NA,yes,NA,yes,NA,osf.io/2qncf
a001649,yes,NA,yes,NA,yes,NA,osf.io/5qd94
a001651,yes,NA,yes,NA,yes,NA,osf.io/mw3rb
a001653,yes,NA,yes,NA,yes,NA,osf.io/5t0b7
a001654,yes,NA,yes,NA,yes,NA,figshare.com/articles/Mapping_the_Structure_of_the_Archaeological_Web/1008911
a001655,yes,NA,yes,NA,yes,NA,osf.io/2cv4x/?view_only=d192b6df6a7b4c1ea49d19e819330f80
a001658,yes,NA,yes,NA,yes,NA,dx.doi.org/10.17605/OSF.IO/MGBVC
a001659,yes,NA,yes,NA,yes,NA,osf.io/yedsz
a001660,yes,NA,yes,NA,yes,NA,osf.io/nqas7
a001661,yes,NA,yes,NA,yes,NA,dx.doi.org/10.7910/DVN/WPKTKJ
a001662,yes,NA,yes,NA,yes,NA,osf.io/qwy4b
a001663,yes,NA,yes,NA,yes,NA,osf.io/ceqth
